,dataSource,name,address,geo,siteUrl,tourArea,administrativeDong,lodgingCategory,roomType,description,aggregate_rating,star_rating,officalRating,facility,lastUpdate,telephone,imageUrl,event
0,KakaoMap,미라클모텔,감호동 8,"[36.1230105, 128.1299408]",https://blog.naver.com/miraclemotel,,감호동,"여관,모텔",,,0,,,,2021.10.22.,054-437-6617,"['https://img1.kakaocdn.net/relay/local/R680x420/?fname=http%3A%2F%2Ft1.daumcdn.net%2Fplace%2FD3626897C1BC4C88BE48F1F48B51F4DA', 'https://img1.kakaocdn.net/relay/local/R680x420/?fname=http%3A%2F%2Ft1.daumcdn.net%2Fplace%2F4AC9C0D664B041719305E8738E76C1CF', 'https://img1.kakaocdn.net/relay/local/R680x420/?fname=http%3A%2F%2Ft1.daumcdn.net%2Fplace%2FB3F616136FF044AF954AD29923563E22', 'https://img1.kakaocdn.net/relay/local/R680x420/?fname=http%3A%2F%2Ft1.daumcdn.net%2Fplace%2FD545BDC10859492493EAAED05A4C563D', 'https://img1.kakaocdn.net/relay/local/R680x420/?fname=http%3A%2F%2Ft1.daumcdn.net%2Fplace%2FB9E2E3094947419C8BC41489D1496F64', 'https://img1.kakaocdn.net/relay/local/R680x420/?fname=http%3A%2F%2Ft1.daumcdn.net%2Fplace%2F2637B65D439C40C293A03A5FB0CAB065', 'https://img1.kakaocdn.net/relay/local/R680x420/?fname=http%3A%2F%2Ft1.daumcdn.net%2Fplace%2F65147E2F85474A95A11A22E1EEC9DF54', 'https://img1.kakaocdn.net/relay/local/R680x420/?fname=http%3A%2F%2Ft1.daumcdn.net%2Fplace%2FED2DDC6AF4CE497485F22BF030F20076', 'https://img1.kakaocdn.net/relay/local/R680x420/?fname=http%3A%2F%2Ft1.daumcdn.net%2Fplace%2F94D4EE77D963485EAB135C75CD34EB68', 'https://img1.kakaocdn.net/relay/local/R680x420/?fname=http%3A%2F%2Ft1.daumcdn.net%2Fplace%2F2FA2449BAB2F4F5782171040167EAE6B']",
1,KakaoMap,하이센스모텔,삼락동 1210,"[36.1423399, 128.0939112]",,,삼락동,"여관,모텔",,,0,,,,2021.04.27.,054-434-8999,"['https://img1.kakaocdn.net/relay/local/R680x420/?fname=http%3A%2F%2Ft1.daumcdn.net%2Fplace%2F5FACD05AEC604793B82BD6665BD0FAA1', 'https://img1.kakaocdn.net/relay/local/R680x420/?fname=http%3A%2F%2Ft1.daumcdn.net%2Fplace%2FBD8F88202AA7408ABAB3DF765881B76B', 'https://img1.kakaocdn.net/relay/local/R680x420/?fname=http%3A%2F%2Ft1.daumcdn.net%2Fplace%2F33001C2C21D5490BAF7CD5B33F113BC5', 'https://img1.kakaocdn.net/relay/local/R680x420/?fname=http%3A%2F%2Ft1.daumcdn.net%2Fplace%2F807A0E9E81D2428389E769C553E2FE01', 'https://img1.kakaocdn.net/relay/local/R680x420/?fname=http%3A%2F%2Ft1.daumcdn.net%2Fplace%2FCBFBC3933FB3491B8C4B6E0A5BB6FBB9', 'https://img1.kakaocdn.net/relay/local/R680x420/?fname=http%3A%2F%2Ft1.daumcdn.net%2Fplace%2F16A0E3FB1A0D4CE28E9892909F8D0966', 'https://img1.kakaocdn.net/relay/local/R680x420/?fname=http%3A%2F%2Ft1.daumcdn.net%2Fplace%2F63E24889807F48B59AD68F537B377556', 'https://img1.kakaocdn.net/relay/local/R680x420/?fname=http%3A%2F%2Ft1.daumcdn.net%2Fplace%2FA96D505490A54684915F8A31280D8C33', 'https://img1.kakaocdn.net/relay/local/R680x420/?fname=http%3A%2F%2Ft1.daumcdn.net%2Fplace%2F90FA4FC0531C47B496E357B2FD6A5C5D', 'https://img1.kakaocdn.net/relay/local/R680x420/?fname=http%3A%2F%2Ft1.daumcdn.net%2Fplace%2FDDFC81C3D4B34216A6E2C80BE760FB60']",
2,KakaoMap,커플모텔,덕곡동 1137,"[36.1187625, 128.1501492]",,,덕곡동,"여관,모텔",,,2.0,,,,2020.02.24.,054-432-6988,"['https://img1.kakaocdn.net/relay/local/R680x420/?fname=http%3A%2F%2Ft1.daumcdn.net%2Fplace%2F1AB14C447ED8452B90A71C8761F35541', 'https://img1.kakaocdn.net/relay/local/R680x420/?fname=http%3A%2F%2Ft1.daumcdn.net%2Fplace%2F481D4758296D4D93B84E0B44C2E24188', 'https://img1.kakaocdn.net/relay/local/R680x420/?fname=http%3A%2F%2Ft1.daumcdn.net%2Fplace%2F8BE71E82E459438982C1C470BD38E7D4', 'https://img1.kakaocdn.net/relay/local/R680x420/?fname=http%3A%2F%2Ft1.daumcdn.net%2Fplace%2FB091F3FFC0D64C7EA5DDD7D2595328F7', 'https://img1.kakaocdn.net/relay/local/R680x420/?fname=http%3A%2F%2Ft1.daumcdn.net%2Fplace%2F4F22C3EE3F4342979FE3AE9E9CF0CA38', 'https://img1.kakaocdn.net/relay/local/R680x420/?fname=http%3A%2F%2Ft1.daumcdn.net%2Fplace%2FCCE7A03A97774DC08C6C2BE155603416', 'https://img1.kakaocdn.net/relay/local/R680x420/?fname=http%3A%2F%2Ft1.daumcdn.net%2Fplace%2F0EC03B972F3748BB86C6EF66935DDE26', 'https://img1.kakaocdn.net/relay/local/R680x420/?fname=http%3A%2F%2Ft1.daumcdn.net%2Fplace%2FA314F716FC0348CD825FBC0A944F8874', 'https://img1.kakaocdn.net/relay/local/R680x420/?fname=http%3A%2F%2Ft1.daumcdn.net%2Fplace%2F337D35B04E9947A9AEDF4CB9EB4CC965', 'https://img1.kakaocdn.net/relay/local/R680x420/?fname=http%3A%2F%2Ft1.daumcdn.net%2Fplace%2FB4ADE35E8A9A44E7A2A4B04B0167D030']",
3,KakaoMap,숲속무인텔,봉산면 태화리 609,"[36.149567, 128.0216591]",https://blog.naver.com/gsgpmh,,봉산면,"여관,모텔",,,0,,,,2021.11.15.,054-434-3352,"['https://img1.kakaocdn.net/relay/local/R680x420/?fname=http%3A%2F%2Ft1.daumcdn.net%2Fplace%2FEDE4952186744D5D8C901B02D20F16DE', 'https://img1.kakaocdn.net/relay/local/R680x420/?fname=http%3A%2F%2Ft1.daumcdn.net%2Fplace%2F1EFAFB21C14340AD99BC62FCDCFB2933', 'https://img1.kakaocdn.net/relay/local/R680x420/?fname=http%3A%2F%2Ft1.daumcdn.net%2Fplace%2F6D2FD5C3DA5342CD8BD8D647748B2CAE', 'https://img1.kakaocdn.net/relay/local/R680x420/?fname=http%3A%2F%2Ft1.daumcdn.net%2Fplace%2FB5FA1F71E925448288E18EB99BDC7CB5', 'https://img1.kakaocdn.net/relay/local/R680x420/?fname=http%3A%2F%2Ft1.daumcdn.net%2Fplace%2FB02A2A891F3B4597A34A38DC4F4FDACE', 'https://img1.kakaocdn.net/relay/local/R680x420/?fname=http%3A%2F%2Ft1.daumcdn.net%2Fplace%2FFD24A0C27E6449F38F44690801F04988', 'https://img1.kakaocdn.net/relay/local/R680x420/?fname=http%3A%2F%2Ft1.daumcdn.net%2Fplace%2F6B67D7AAF75144F4AAB51593FACC6B37', 'https://img1.kakaocdn.net/relay/local/R680x420/?fname=http%3A%2F%2Ft1.daumcdn.net%2Fplace%2FEDE4952186744D5D8C901B02D20F16DE']",
4,KakaoMap,아도라모텔,덕곡동 1002-5,"[36.1175718, 128.1516521]",,,덕곡동,"여관,모텔",,,5.0,,,,2021.05.21.,054-433-6611,"['https://img1.kakaocdn.net/relay/local/R680x420/?fname=http%3A%2F%2Ft1.daumcdn.net%2Fplace%2FBAD74375B726406BA8C2E6D8EDA06470', 'https://img1.kakaocdn.net/relay/local/R680x420/?fname=http%3A%2F%2Ft1.daumcdn.net%2Fplace%2FDD3B40FB80C74872834F7B3B1BF051C2', 'https://img1.kakaocdn.net/relay/local/R680x420/?fname=http%3A%2F%2Ft1.daumcdn.net%2Fplace%2FBFB4C01C92F44E7DA100254034EDC95B', 'https://img1.kakaocdn.net/relay/local/R680x420/?fname=http%3A%2F%2Ft1.daumcdn.net%2Fplace%2FFFA393BCED874692B5FB2AC552453952', 'https://img1.kakaocdn.net/relay/local/R680x420/?fname=http%3A%2F%2Ft1.daumcdn.net%2Fplace%2FEDCD15EFEFFE4B61AB328B1D85188AD3', 'https://img1.kakaocdn.net/relay/local/R680x420/?fname=http%3A%2F%2Ft1.daumcdn.net%2Fplace%2F80CD83EA2DD2432FA2E23AE4313B5492', 'https://img1.kakaocdn.net/relay/local/R680x420/?fname=http%3A%2F%2Ft1.daumcdn.net%2Fplace%2F95FB19DF8ADA42C4A9BBBE282A9EBA4E', 'https://img1.kakaocdn.net/relay/local/R680x420/?fname=http%3A%2F%2Ft1.daumcdn.net%2Fplace%2F2C125854E63E4F94AEC6D3E9FCBECD9F', 'https://img1.kakaocdn.net/relay/local/R680x420/?fname=http%3A%2F%2Ft1.daumcdn.net%2Fplace%2F140F8211CE0440CCAF8517C708EBB702', 'https://img1.kakaocdn.net/relay/local/R680x420/?fname=http%3A%2F%2Ft1.daumcdn.net%2Fplace%2F89FB67B83AB6433AB54A48550A468D3E']",
5,KakaoMap,비타민무인텔,지례면 상부리 288,"[35.9857025, 128.0325012]",,,지례면,"여관,모텔",,,0,,,,2019.10.10.,054-439-1800,"['https://img1.kakaocdn.net/relay/local/R680x420/?fname=http%3A%2F%2Ft1.daumcdn.net%2Fplace%2FCD2B6A2E143D47EAA4E24CBCADFF5374', 'https://img1.kakaocdn.net/relay/local/R680x420/?fname=http%3A%2F%2Ft1.daumcdn.net%2Fplace%2F144E885104C34939A240A39157E8583C', 'https://img1.kakaocdn.net/relay/local/R680x420/?fname=http%3A%2F%2Ft1.daumcdn.net%2Fplace%2F6AB907BC70B74C66A8980F1C929972FA', 'https://img1.kakaocdn.net/relay/local/R680x420/?fname=http%3A%2F%2Ft1.daumcdn.net%2Fplace%2F26F505188CF445F98B852006ED9C1545', 'https://img1.kakaocdn.net/relay/local/R680x420/?fname=http%3A%2F%2Ft1.daumcdn.net%2Fplace%2F3593ABDD45B24CB6871A97D6C728F113', 'https://img1.kakaocdn.net/relay/local/R680x420/?fname=http%3A%2F%2Ft1.daumcdn.net%2Fplace%2F88A808DEB240459BA7143541B5BC3241', 'https://img1.kakaocdn.net/relay/local/R680x420/?fname=http%3A%2F%2Ft1.daumcdn.net%2Fplace%2F87A73F4A356B42CBA5CAE1164C4C7312', 'https://img1.kakaocdn.net/relay/local/R680x420/?fname=http%3A%2F%2Ft1.daumcdn.net%2Fplace%2FBA6FB646CF81415AAAABE30355410F32', 'https://img1.kakaocdn.net/relay/local/R680x420/?fname=http%3A%2F%2Ft1.daumcdn.net%2Fplace%2FCD2B6A2E143D47EAA4E24CBCADFF5374']",
6,KakaoMap,수모텔,부곡동 426-7,"[36.1242951, 128.1047524]",,,부곡동,"여관,모텔",,,0,,,,2019.08.05.,054-430-4344,"['https://img1.kakaocdn.net/relay/local/R680x420/?fname=http%3A%2F%2Ft1.daumcdn.net%2Fplace%2FD551EAA33D4140E0B96B77CDCAF5F2F2', 'https://img1.kakaocdn.net/relay/local/R680x420/?fname=http%3A%2F%2Ft1.daumcdn.net%2Fplace%2F70AA61442C2B4A129140946CC8F813A4', 'https://img1.kakaocdn.net/relay/local/R680x420/?fname=http%3A%2F%2Ft1.daumcdn.net%2Fplace%2FFD20FF3F840848D5966A62F682FD87EA', 'https://img1.kakaocdn.net/relay/local/R680x420/?fname=http%3A%2F%2Ft1.daumcdn.net%2Fplace%2F529E1990DE014240A4B06312E9AB63F4', 'https://img1.kakaocdn.net/relay/local/R680x420/?fname=http%3A%2F%2Ft1.daumcdn.net%2Fplace%2FE763D22439494308BF82EE04E16E56B8', 'https://img1.kakaocdn.net/relay/local/R680x420/?fname=http%3A%2F%2Ft1.daumcdn.net%2Fplace%2F0AA107AC6FB84C4F9B22C4E2953B576F', 'https://img1.kakaocdn.net/relay/local/R680x420/?fname=http%3A%2F%2Ft1.daumcdn.net%2Fplace%2FAFBB3AEE91FF40FBBBC7CAA4F0560623', 'https://img1.kakaocdn.net/relay/local/R680x420/?fname=http%3A%2F%2Ft1.daumcdn.net%2Fplace%2FA387FE19831047728CB3329533612E1E', 'https://img1.kakaocdn.net/relay/local/R680x420/?fname=http%3A%2F%2Ft1.daumcdn.net%2Fplace%2F2C4B6DF3EF0A4BEABCE5AFAF8AC8DC46', 'https://img1.kakaocdn.net/relay/local/R680x420/?fname=http%3A%2F%2Ft1.daumcdn.net%2Fplace%2F775A56EEEDE043A1A03298250C80C61A']",
7,KakaoMap,코아모텔,평화동 245-180,"[36.1250753, 128.109185]",,,평화동,"여관,모텔",,,4.3,,,,2019.08.12.,054-431-3400,[],
8,KakaoMap,EX모텔,용두동 34-1,"[37.5731343, 127.0404611]",,,용두동,"여관,모텔",,,0,,,,2021.06.24.,,"['https://img1.kakaocdn.net/relay/local/R680x420/?fname=http%3A%2F%2Ft1.daumcdn.net%2Fplace%2FADE03366BF3048698189452DFAF389AD', 'https://img1.kakaocdn.net/relay/local/R680x420/?fname=http%3A%2F%2Ft1.daumcdn.net%2Fplace%2F4265EB5965444469954D257F74DE6DC7', 'https://img1.kakaocdn.net/relay/local/R680x420/?fname=http%3A%2F%2Ft1.daumcdn.net%2Fplace%2FA28B95BEAF8742E4A7B1F7C02324A72F', 'https://img1.kakaocdn.net/relay/local/R680x420/?fname=http%3A%2F%2Ft1.daumcdn.net%2Fplace%2F1AD32B1E5FA94DAC9B93597EC12F0A63', 'https://img1.kakaocdn.net/relay/local/R680x420/?fname=http%3A%2F%2Ft1.daumcdn.net%2Fplace%2F62725CBCAAAD42EC83E5A525BE0C33E6', 'https://img1.kakaocdn.net/relay/local/R680x420/?fname=http%3A%2F%2Ft1.daumcdn.net%2Fplace%2FD27C2BF686374178910249B18676AA76', 'https://img1.kakaocdn.net/relay/local/R680x420/?fname=http%3A%2F%2Ft1.daumcdn.net%2Fplace%2FE11B9D3DD7C4494A87468D76A940E8BF', 'https://img1.kakaocdn.net/relay/local/R680x420/?fname=http%3A%2F%2Ft1.daumcdn.net%2Fplace%2F2ACB290603BF4A0E8162A135621A3E14', 'https://img1.kakaocdn.net/relay/local/R680x420/?fname=http%3A%2F%2Ft1.daumcdn.net%2Fplace%2FA8B3FF2C1E0149E29D949D60AAA0577F', 'https://img1.kakaocdn.net/relay/local/R680x420/?fname=http%3A%2F%2Ft1.daumcdn.net%2Fplace%2F2FFF07259534401EA3BEFCA9FF1D32D8']",
9,KakaoMap,아미가모텔,부곡동 425-7,"[36.1245014, 128.1028052]",,,부곡동,"여관,모텔","{'roomName': ['Room B(넷플릭스 이용가능)', 'Twin bedroom B(넷플릭스 이용가능)', 'Room A(넷플릭스 이용가능)', 'Twin bedroom A(넷플릭스 이용가능)', '온돌', 'Room B(넷플릭스 이용가능)', 'Twin bedroom B(넷플릭스 이용가능)', 'Room A(넷플릭스 이용가능)', 'Twin bedroom A(넷플릭스 이용가능)', '온돌'], 'roomPrice': ['대실 업체문의|숙박 업체문의', '대실 업체문의|숙박 업체문의', '대실 업체문의|숙박 업체문의', '대실 업체문의|숙박 업체문의', '대실 업체문의|숙박 업체문의', '대실 업체문의|숙박 업체문의', '대실 업체문의|숙박 업체문의', '대실 업체문의|숙박 업체문의', '대실 업체문의|숙박 업체문의', '대실 업체문의|숙박 업체문의'], 'roomDescription': ['기준 2인|최대 2인', '기준 2인|최대 2인', '기준 2인|최대 2인', '기준 2인|최대 2인', '기준 2인|최대 2인', '기준 2인|최대 2인', '기준 2인|최대 2인', '기준 2인|최대 2인', '기준 2인|최대 2인', '기준 2인|최대 2인']}",,2.0,,,,2020.08.03.,054-436-7477,"['https://img1.kakaocdn.net/relay/local/R680x420/?fname=http%3A%2F%2Ft1.daumcdn.net%2Fplace%2F061ECE3E65F3403F8E0D91BC36B9682F', 'https://img1.kakaocdn.net/relay/local/R680x420/?fname=http%3A%2F%2Ft1.daumcdn.net%2Fplace%2F5C2FEF53ACB344FF85296F13AD6D513A', 'https://img1.kakaocdn.net/relay/local/R680x420/?fname=http%3A%2F%2Ft1.daumcdn.net%2Fplace%2FCBDB0FAF3D9B4832AAE0C4FDC776AF13', 'https://img1.kakaocdn.net/relay/local/R680x420/?fname=http%3A%2F%2Ft1.daumcdn.net%2Fplace%2FE9E61F9BAC894A87AE7CEEED6C353412', 'https://img1.kakaocdn.net/relay/local/R680x420/?fname=http%3A%2F%2Ft1.daumcdn.net%2Fplace%2F33C53A5D629347A18695D3C9927955DD', 'https://img1.kakaocdn.net/relay/local/R680x420/?fname=http%3A%2F%2Ft1.daumcdn.net%2Fplace%2F02FE920269364172AAD0D2A0B6DFE75B']",
10,KakaoMap,오페라모텔,부곡동 402-21,"[36.1248706, 128.1042377]",,,부곡동,"여관,모텔","{'roomName': ['특실 트윈', '특실', '일반', '특실 트윈', '특실', '특실 트윈', '특실', '일반', '특실 트윈', '특실'], 'roomPrice': ['대실 업체문의|숙박 50,000원', '대실 업체문의|숙박 50,000원', '대실 업체문의|숙박 45,000원', '대실 업체문의|숙박 50,000원', '대실 업체문의|숙박 50,000원', '대실 업체문의|숙박 50,000원', '대실 업체문의|숙박 50,000원', '대실 업체문의|숙박 45,000원', '대실 업체문의|숙박 50,000원', '대실 업체문의|숙박 50,000원'], 'roomDescription': [None, None, None, None, None, None, None, None, None, None]}",,1.0,,,,2019.10.24.,054-433-3055,"['https://img1.kakaocdn.net/relay/local/R680x420/?fname=http%3A%2F%2Ft1.daumcdn.net%2Fplace%2F3BD6BE76C6584EF6B0EAA68E4AE2BC9A', 'https://img1.kakaocdn.net/relay/local/R680x420/?fname=http%3A%2F%2Ft1.daumcdn.net%2Fplace%2FAB672C42A1314F7EB662C81DFE885B42', 'https://img1.kakaocdn.net/relay/local/R680x420/?fname=http%3A%2F%2Ft1.daumcdn.net%2Fplace%2F36D979BD7A11410AA4519996700192DC', 'https://img1.kakaocdn.net/relay/local/R680x420/?fname=http%3A%2F%2Ft1.daumcdn.net%2Fplace%2F8737B6B08F144E8EA0711BB3F3AB978E', 'https://img1.kakaocdn.net/relay/local/R680x420/?fname=http%3A%2F%2Ft1.daumcdn.net%2Fplace%2F869D9296DFEA4070A4DFFA2F6C848794', 'https://img1.kakaocdn.net/relay/local/R680x420/?fname=http%3A%2F%2Ft1.daumcdn.net%2Fplace%2F3BD6BE76C6584EF6B0EAA68E4AE2BC9A']",
11,KakaoMap,나비야모텔,부곡동 425-22,"[36.124534, 128.1036763]",,,부곡동,"여관,모텔",,,1.0,,,,2021.05.13.,054-433-6183,"['https://img1.kakaocdn.net/relay/local/R680x420/?fname=http%3A%2F%2Ft1.daumcdn.net%2Fplace%2FC238B905DD01486F9EAC1DCB9C67BDC8', 'https://img1.kakaocdn.net/relay/local/R680x420/?fname=http%3A%2F%2Ft1.daumcdn.net%2Fplace%2F36C58C34AA1745EABA5B7AE222C85FF2', 'https://img1.kakaocdn.net/relay/local/R680x420/?fname=http%3A%2F%2Ft1.daumcdn.net%2Fplace%2F9B8CDCB105684559B8A25F222070B677', 'https://img1.kakaocdn.net/relay/local/R680x420/?fname=http%3A%2F%2Ft1.daumcdn.net%2Fplace%2F0B3B1160464142CEAB1B3EC0576F0C48', 'https://img1.kakaocdn.net/relay/local/R680x420/?fname=http%3A%2F%2Ft1.daumcdn.net%2Fplace%2F83B8A0FEA4E24E5D8A2721E8AD2F1AEC', 'https://img1.kakaocdn.net/relay/local/R680x420/?fname=http%3A%2F%2Ft1.daumcdn.net%2Fplace%2F910B6C1DA7AD49A8821783EF9DD9E0FC', 'https://img1.kakaocdn.net/relay/local/R680x420/?fname=http%3A%2F%2Ft1.daumcdn.net%2Fplace%2FC34E22A1E73A45299021BFE0C5D3FBB0', 'https://img1.kakaocdn.net/relay/local/R680x420/?fname=http%3A%2F%2Ft1.daumcdn.net%2Fplace%2F97021F3AC33D4B99AE04EF77D0E74AA5', 'https://img1.kakaocdn.net/relay/local/R680x420/?fname=http%3A%2F%2Ft1.daumcdn.net%2Fplace%2F7297E062EF3143C78690F016E030EE6A', 'https://img1.kakaocdn.net/relay/local/R680x420/?fname=http%3A%2F%2Ft1.daumcdn.net%2Fplace%2FB369CB987EB14AB99D1F9089B286BE0D']",
12,KakaoMap,오투모텔,아포읍 인리 972,"[36.1654901, 128.2481071]",http://www.o2motel.kr/,,아포읍,"여관,모텔",,,0,,,,2019.09.11.,054-437-8778,"['https://img1.kakaocdn.net/relay/local/R680x420/?fname=http%3A%2F%2Ft1.daumcdn.net%2Fcfile%2F2558F53E553831D423', 'https://img1.kakaocdn.net/relay/local/R680x420/?fname=http%3A%2F%2Ft1.daumcdn.net%2Fcfile%2F222B2A37553831BC1A', 'https://img1.kakaocdn.net/relay/local/R680x420/?fname=http%3A%2F%2Ft1.daumcdn.net%2Fcfile%2F252D7836553831AD21', 'https://img1.kakaocdn.net/relay/local/R680x420/?fname=http%3A%2F%2Ft1.daumcdn.net%2Fcfile%2F2558F53E553831D423']",
13,KakaoMap,모텔마추피추,신음동 588-10,"[36.1486905, 128.1181858]",,,신음동,"여관,모텔",,,1.0,,,,2019.09.11.,054-439-1200,[],
14,KakaoMap,첼로모텔,평화동 359-30,"[36.1258585, 128.107252]",,,평화동,"여관,모텔",,,0,,,,2020.08.05.,054-433-1185,"['https://img1.kakaocdn.net/relay/local/R680x420/?fname=http%3A%2F%2Ft1.daumcdn.net%2Fplace%2F0CB5AF9FC781483782E1A8C86D9CF49D', 'https://img1.kakaocdn.net/relay/local/R680x420/?fname=http%3A%2F%2Ft1.daumcdn.net%2Fplace%2F1CEF17D32F6643BCAB626CC4B4325C2B', 'https://img1.kakaocdn.net/relay/local/R680x420/?fname=http%3A%2F%2Ft1.daumcdn.net%2Fplace%2F05A1E94EDAEA43EA8F2EE334EE8C8058', 'https://img1.kakaocdn.net/relay/local/R680x420/?fname=http%3A%2F%2Ft1.daumcdn.net%2Fplace%2FB6BFBE01563342AEBB1B725DEDED1184', 'https://img1.kakaocdn.net/relay/local/R680x420/?fname=http%3A%2F%2Ft1.daumcdn.net%2Fplace%2F3382A81B1D6644F8B49CD6A4A4AB82CF', 'https://img1.kakaocdn.net/relay/local/R680x420/?fname=http%3A%2F%2Ft1.daumcdn.net%2Fplace%2F582CA4B8E2664F7F84730C6B951417C2', 'https://img1.kakaocdn.net/relay/local/R680x420/?fname=http%3A%2F%2Ft1.daumcdn.net%2Fplace%2F03CC729BF2004478A7FEDDA6CDF30E3F', 'https://img1.kakaocdn.net/relay/local/R680x420/?fname=http%3A%2F%2Ft1.daumcdn.net%2Fplace%2F59D2DAB319B54D06B82AB1373809382C', 'https://img1.kakaocdn.net/relay/local/R680x420/?fname=http%3A%2F%2Ft1.daumcdn.net%2Fplace%2F31E9957A4A744D34869F3E4363B5BF1D', 'https://img1.kakaocdn.net/relay/local/R680x420/?fname=http%3A%2F%2Ft1.daumcdn.net%2Fplace%2F4F1232A669A848198CFEAAF8B34AD051']",
15,KakaoMap,롯데모텔,평화동 245-158,"[36.1253648, 128.1089655]",,,평화동,"여관,모텔",,,0,,,,2018.03.23.,054-433-6563,[],
16,KakaoMap,렉스모텔,평화동 145-5,"[36.1272092, 128.1086347]",,,평화동,"여관,모텔",,,5.0,,,,2021.01.28.,,"['https://img1.kakaocdn.net/relay/local/R680x420/?fname=http%3A%2F%2Ft1.daumcdn.net%2Fplace%2F25D952DA961240398549FFEBCA30BC97', 'https://img1.kakaocdn.net/relay/local/R680x420/?fname=http%3A%2F%2Ft1.daumcdn.net%2Fplace%2F6E3ABF7101674D2FB649961CFC990EC3', 'https://img1.kakaocdn.net/relay/local/R680x420/?fname=http%3A%2F%2Ft1.daumcdn.net%2Fplace%2FC0796CBE50BD4CFBAFA377B010942DB6', 'https://img1.kakaocdn.net/relay/local/R680x420/?fname=http%3A%2F%2Ft1.daumcdn.net%2Fplace%2FB01606EB64CE4CA094ED5AADA629B35D', 'https://img1.kakaocdn.net/relay/local/R680x420/?fname=http%3A%2F%2Ft1.daumcdn.net%2Fplace%2FEDE3B1164EF44D3FAB55CA3804778B1F', 'https://img1.kakaocdn.net/relay/local/R680x420/?fname=http%3A%2F%2Ft1.daumcdn.net%2Fplace%2F25D952DA961240398549FFEBCA30BC97']",
17,KakaoMap,탑모텔,삼락동 1180,"[36.1427584, 128.0923294]",,,삼락동,"여관,모텔",,,5.0,,,,2021.07.14.,,"['https://img1.kakaocdn.net/relay/local/R680x420/?fname=http%3A%2F%2Ft1.daumcdn.net%2Fplace%2FDB6BC02BCA8843DAAFFD85AEB9FF869A', 'https://img1.kakaocdn.net/relay/local/R680x420/?fname=http%3A%2F%2Ft1.daumcdn.net%2Fplace%2F1E2386F2A1F24C138A3922E7B91E9B60', 'https://img1.kakaocdn.net/relay/local/R680x420/?fname=http%3A%2F%2Ft1.daumcdn.net%2Fplace%2FDBD8C2AD74594504AF0533C4D4D10430', 'https://img1.kakaocdn.net/relay/local/R680x420/?fname=http%3A%2F%2Ft1.daumcdn.net%2Fplace%2FB7EE7723E3B64B4EA9DADD80AC13AE01', 'https://img1.kakaocdn.net/relay/local/R680x420/?fname=http%3A%2F%2Ft1.daumcdn.net%2Fplace%2F5276134F96814C759EB60ECB91329E2A', 'https://img1.kakaocdn.net/relay/local/R680x420/?fname=http%3A%2F%2Ft1.daumcdn.net%2Fplace%2F91649FC84981446A99CFCCD01389B0A3', 'https://img1.kakaocdn.net/relay/local/R680x420/?fname=http%3A%2F%2Ft1.daumcdn.net%2Fplace%2FEB5EE96C81084D42A83585D686601A29', 'https://img1.kakaocdn.net/relay/local/R680x420/?fname=http%3A%2F%2Ft1.daumcdn.net%2Fplace%2FADB349052C3D42EE9CF4CA41EC9B8588', 'https://img1.kakaocdn.net/relay/local/R680x420/?fname=http%3A%2F%2Ft1.daumcdn.net%2Fplace%2F9024A7372FB947B3B534FA9090235DB7', 'https://img1.kakaocdn.net/relay/local/R680x420/?fname=http%3A%2F%2Ft1.daumcdn.net%2Fplace%2FBB877D14E0B9461A8CF314B876444415']",
18,KakaoMap,힐링모텔,대항면 덕전리 1286,"[36.1298024, 128.0343071]",,,대항면,"여관,모텔",,,0,,,,2021.04.07.,,"['https://img1.kakaocdn.net/relay/local/R680x420/?fname=http%3A%2F%2Fpostfiles7.naver.net%2FMjAyMTA1MTNfMjcg%2FMDAxNjIwODM0MDU1NTg2.H33cddmPUsBZTXqVgGaMNDkZ0vFKbumuRt0KeebwrMMg.0Qb_L22JSMp-eX-1_vFYQnluEQ0F25_lI6v_4huzQ7Eg.JPEG.ooo9026%2Fwork-0006.jpg%3Ftype%3Dw773', 'https://img1.kakaocdn.net/relay/local/R680x420/?fname=http%3A%2F%2Fpostfiles15.naver.net%2FMjAyMTA1MTNfMTMz%2FMDAxNjIwODMzNzg4ODE5.MvkxKFmMSzHrXwL78p7La3Peu_2Fz2nOZ7cT2IQ5zx8g.jzoPNg-hwUyCfnfsFj2Vp3gZ9WNIohHS9dtAyElSU78g.JPEG.ooo9026%2Fwork-0008.jpg%3Ftype%3Dw773', 'https://img1.kakaocdn.net/relay/local/R680x420/?fname=http%3A%2F%2Fpostfiles16.naver.net%2FMjAyMTA1MTNfMzMg%2FMDAxNjIwODMzOTk5NjY4.dWMS2PRXUx4cU644KVzIA3CgZxlbtY4LljXDD6O72PEg.txwG89RUBBVuS7FTDHjCbMHYnCeeoD78lf6qwOossOkg.JPEG.ooo9026%2Fwork-0005.jpg%3Ftype%3Dw773', 'https://img1.kakaocdn.net/relay/local/R680x420/?fname=http%3A%2F%2Fpostfiles10.naver.net%2FMjAyMTA1MTNfMTMw%2FMDAxNjIwODMzOTAzNTY0.tj42FafMi6hz3rDbABKVQBeIOoi2fLsos_LHfqmz9FMg.4vVaIx7atwM1TVBMRVI9yUpRXQ6bHoNJO-Q0oGZXJ2kg.JPEG.ooo9026%2Fwork-0003.jpg%3Ftype%3Dw773']",
19,KakaoMap,전원모텔,구성면 미평리 129,"[36.0313244, 128.0500688]",,,구성면,"여관,모텔",,,0,,,,2020.01.03.,054-435-5115,[],
20,KakaoMap,그랜드모텔,평화동 300-15,"[36.1222731, 128.1141447]",,,평화동,"여관,모텔",,,5.0,,,,2021.05.04.,054-430-1616,[],
21,KakaoMap,샵모텔,평화동 245-122,"[36.1259628, 128.1084486]",,,평화동,"여관,모텔",,,0,,,,2019.04.17.,,[],
22,KakaoMap,프로포즈모텔,부곡동 402-2,"[36.1251238, 128.1043358]",,,부곡동,"여관,모텔",,,0,,,,2019.08.20.,054-432-3013,[],
23,KakaoMap,알프스모텔,대항면 향천리 328-6,"[36.1162172, 128.0175188]",,,대항면,"여관,모텔",,,5.0,,,,2018.03.19.,054-437-8933,[],
24,KakaoMap,원모텔,부곡동 425-23,"[36.1244688, 128.1030241]",,,부곡동,"여관,모텔",,,0,,,,2021.02.18.,054-434-1334,"['https://img1.kakaocdn.net/relay/local/R680x420/?fname=http%3A%2F%2Ft1.daumcdn.net%2Fplace%2FA5BE99B8694D4A09A3CCF0B0855776F2', 'https://img1.kakaocdn.net/relay/local/R680x420/?fname=http%3A%2F%2Ft1.daumcdn.net%2Fplace%2FAD26EC7F21414E4CAF0D5DBFEBE26B7E', 'https://img1.kakaocdn.net/relay/local/R680x420/?fname=http%3A%2F%2Ft1.daumcdn.net%2Fplace%2F20BD09525A6945A58A8F20CF915D8571', 'https://img1.kakaocdn.net/relay/local/R680x420/?fname=http%3A%2F%2Ft1.daumcdn.net%2Fplace%2F20A890B1FFB8467E96C5F514DA6ACB56', 'https://img1.kakaocdn.net/relay/local/R680x420/?fname=http%3A%2F%2Ft1.daumcdn.net%2Fplace%2FA1C3001F00D84C34AC01FD81E981CC5D', 'https://img1.kakaocdn.net/relay/local/R680x420/?fname=http%3A%2F%2Ft1.daumcdn.net%2Fplace%2F38B223445F7142C492C0C8CA5CF409EE', 'https://img1.kakaocdn.net/relay/local/R680x420/?fname=http%3A%2F%2Ft1.daumcdn.net%2Fplace%2F0A586A6FAB2A4CEFBC1E57439F687859', 'https://img1.kakaocdn.net/relay/local/R680x420/?fname=http%3A%2F%2Ft1.daumcdn.net%2Fplace%2F6535D7517B2E4F68BF092069178F8159', 'https://img1.kakaocdn.net/relay/local/R680x420/?fname=http%3A%2F%2Ft1.daumcdn.net%2Fplace%2F63B3D0EC737C49C0AFB843F970C72FE9', 'https://img1.kakaocdn.net/relay/local/R680x420/?fname=http%3A%2F%2Ft1.daumcdn.net%2Fplace%2F953024CD13104C89AF64A478E4B0ECF1']",
25,KakaoMap,칸모텔,남면 봉천리 51-2,"[36.1274221, 128.2264066]",,,남면,"여관,모텔",,,0,,,,2021.03.10.,054-434-4114,"['https://img1.kakaocdn.net/relay/local/R680x420/?fname=http%3A%2F%2Ft1.daumcdn.net%2Fplace%2F632F5DFD627D4E54AE50B78CD916D97B', 'https://img1.kakaocdn.net/relay/local/R680x420/?fname=http%3A%2F%2Ft1.daumcdn.net%2Fplace%2F63A4DECF4278491EB756E1775A518DED', 'https://img1.kakaocdn.net/relay/local/R680x420/?fname=http%3A%2F%2Ft1.daumcdn.net%2Fplace%2F0D6115AA300E42C99716F3D5F129AF2D', 'https://img1.kakaocdn.net/relay/local/R680x420/?fname=http%3A%2F%2Ft1.daumcdn.net%2Fplace%2F0319EF2CEBE1457C92EF122C0AE7050E', 'https://img1.kakaocdn.net/relay/local/R680x420/?fname=http%3A%2F%2Ft1.daumcdn.net%2Fplace%2F764D8C9B9B0B4F36B9B31984F285428A', 'https://img1.kakaocdn.net/relay/local/R680x420/?fname=http%3A%2F%2Ft1.daumcdn.net%2Fplace%2F8B5FB4946659472CA52933E37AA1C8D8', 'https://img1.kakaocdn.net/relay/local/R680x420/?fname=http%3A%2F%2Ft1.daumcdn.net%2Fplace%2FEFC679B1C98F40D5A84DF7813FA1AD3B', 'https://img1.kakaocdn.net/relay/local/R680x420/?fname=http%3A%2F%2Ft1.daumcdn.net%2Fplace%2F632F5DFD627D4E54AE50B78CD916D97B']",
26,KakaoMap,쉘모텔,대항면 운수리 10-3,"[36.11366659999999, 128.0171539]",,,대항면,"여관,모텔",,,0,,,,2020.01.17.,054-436-6878,[],
27,KakaoMap,스카이모텔,부곡동 439-6,"[36.1262341, 128.1064348]",,,부곡동,"여관,모텔",,,0,,,,2019.08.20.,054-432-2377,[],
28,KakaoMap,J모텔,어모면 옥계리 25,"[36.21974, 128.0977987]",,,어모면,"여관,모텔",,,0,,,,2021.05.17.,054-434-9899,"['https://img1.kakaocdn.net/relay/local/R680x420/?fname=http%3A%2F%2Ft1.daumcdn.net%2Fplace%2F6040B6C45F3B4CEEA8CE62C03B39E026', 'https://img1.kakaocdn.net/relay/local/R680x420/?fname=http%3A%2F%2Ft1.daumcdn.net%2Fplace%2FAC858A006D124E0E94E97D7514FE307E', 'https://img1.kakaocdn.net/relay/local/R680x420/?fname=http%3A%2F%2Ft1.daumcdn.net%2Fplace%2F0079D7C146AD48A792D655132A6699C0', 'https://img1.kakaocdn.net/relay/local/R680x420/?fname=http%3A%2F%2Ft1.daumcdn.net%2Fplace%2F9025ECECC18240B99208F940B24F96AF', 'https://img1.kakaocdn.net/relay/local/R680x420/?fname=http%3A%2F%2Ft1.daumcdn.net%2Fplace%2FB3F09208FD6F4832B89D6969695D7A9D', 'https://img1.kakaocdn.net/relay/local/R680x420/?fname=http%3A%2F%2Ft1.daumcdn.net%2Fplace%2FE2285D6658A24BA7955DA98430F13604', 'https://img1.kakaocdn.net/relay/local/R680x420/?fname=http%3A%2F%2Ft1.daumcdn.net%2Fplace%2FA9C6234D45024D6583C284A2A4367524', 'https://img1.kakaocdn.net/relay/local/R680x420/?fname=http%3A%2F%2Ft1.daumcdn.net%2Fplace%2FC86863E12FF7406D81A33024F410B05A', 'https://img1.kakaocdn.net/relay/local/R680x420/?fname=http%3A%2F%2Ft1.daumcdn.net%2Fplace%2F7ED283A340BB49E394C9F62CA1BC5396', 'https://img1.kakaocdn.net/relay/local/R680x420/?fname=http%3A%2F%2Ft1.daumcdn.net%2Fplace%2FD2D9247B0AC34CFDA22A315A29E4E769']",
29,KakaoMap,직지유스텔,봉산면 덕천리 553-24,"[36.13573, 128.0347874]",https://pensionmotel.modoo.at/,,봉산면,"여관,모텔",,,0,,,,2021.10.20.,010-6331-8885,"['https://img1.kakaocdn.net/relay/local/R680x420/?fname=http%3A%2F%2Ft1.kakaocdn.net%2Ffiy_reboot%2Fplace%2F03EA1D42BEE24AB99C73A15CF598C3CC', 'https://img1.kakaocdn.net/relay/local/R680x420/?fname=http%3A%2F%2Ft1.kakaocdn.net%2Fmystore%2F8B9E8BB4D2844D3E8BA05F87D20C4A8F', 'https://img1.kakaocdn.net/relay/local/R680x420/?fname=http%3A%2F%2Ft1.kakaocdn.net%2Fmystore%2F96C4255331CB48C8B7BEF90E9CB5D037', 'https://img1.kakaocdn.net/relay/local/R680x420/?fname=http%3A%2F%2Ft1.kakaocdn.net%2Fmystore%2F44271C257CF940F9AB5221224D0EEF81', 'https://img1.kakaocdn.net/relay/local/R680x420/?fname=http%3A%2F%2Ft1.kakaocdn.net%2Fmystore%2F177FFCE075454954A20C95226913F02E', 'https://img1.kakaocdn.net/relay/local/R680x420/?fname=http%3A%2F%2Ft1.kakaocdn.net%2Ffiy_reboot%2Fplace%2FAA34E0F840DC4B53B65AF8806DA35BAA', 'https://img1.kakaocdn.net/relay/local/R680x420/?fname=http%3A%2F%2Ft1.kakaocdn.net%2Ffiy_reboot%2Fplace%2F025BAA18BDD34E5E9A96D9BD246C5C55', 'https://img1.kakaocdn.net/relay/local/R680x420/?fname=http%3A%2F%2Ft1.kakaocdn.net%2Fmystore%2F4D17E537352149D6ACABC6D1032C034A', 'https://img1.kakaocdn.net/relay/local/R680x420/?fname=http%3A%2F%2Ft1.kakaocdn.net%2Ffiy_reboot%2Fplace%2FA4030BF8B8C0491CB9DE1BC4C4ED2176', 'https://img1.kakaocdn.net/relay/local/R680x420/?fname=http%3A%2F%2Ft1.kakaocdn.net%2Ffiy_reboot%2Fplace%2FC14F665799554708A6F7858404FD7FB0']",
30,KakaoMap,밀라노모텔,용두동 15,"[37.5812734, 127.029246]",,,용두동,"여관,모텔",,,0,,,,2020.08.04.,054-435-7395,"['https://img1.kakaocdn.net/relay/local/R680x420/?fname=http%3A%2F%2Ft1.daumcdn.net%2Fplace%2FBC2279DD3E444D978A99711FB4CDB2AB', 'https://img1.kakaocdn.net/relay/local/R680x420/?fname=http%3A%2F%2Ft1.daumcdn.net%2Fplace%2F190231814FC048C08E572574069540AA', 'https://img1.kakaocdn.net/relay/local/R680x420/?fname=http%3A%2F%2Ft1.daumcdn.net%2Fplace%2F6B12A96F3E3246FE8D0548AEF8DDB73A', 'https://img1.kakaocdn.net/relay/local/R680x420/?fname=http%3A%2F%2Ft1.daumcdn.net%2Fplace%2F6E9E90F547A44A29BC853D4B185717A1', 'https://img1.kakaocdn.net/relay/local/R680x420/?fname=http%3A%2F%2Ft1.daumcdn.net%2Fplace%2FBC2279DD3E444D978A99711FB4CDB2AB']",
31,KakaoMap,크리스탈모텔,남면 부상리 712,"[36.07199689999999, 128.2618383]",,,남면,"여관,모텔",,,0,,,,2019.04.04.,054-437-5999,[],
32,KakaoMap,신큐무인텔,응명동 908-2,"[36.1529273, 128.1156127]",,,응명동,"여관,모텔",,,3.7,,,,2019.04.18.,054-437-2245,[],
33,KakaoMap,호호모텔,평화동 245-126,"[36.1259202, 128.1087207]",,,평화동,"여관,모텔",,,0,,,,2021.06.23.,054-435-7555,"['https://img1.kakaocdn.net/relay/local/R680x420/?fname=http%3A%2F%2Ft1.daumcdn.net%2Fplace%2FAD7D19205B5A462EB9B55B83F0EAA73F', 'https://img1.kakaocdn.net/relay/local/R680x420/?fname=http%3A%2F%2Ft1.daumcdn.net%2Fplace%2FE3C67616AFEE414799770E3E9A1D9AD2', 'https://img1.kakaocdn.net/relay/local/R680x420/?fname=http%3A%2F%2Ft1.daumcdn.net%2Fplace%2F6E9785856A1E47DE9A6FA78319ACC764', 'https://img1.kakaocdn.net/relay/local/R680x420/?fname=http%3A%2F%2Ft1.daumcdn.net%2Fplace%2FD6D406D10D8C4020B3AC1D99D4A64472', 'https://img1.kakaocdn.net/relay/local/R680x420/?fname=http%3A%2F%2Ft1.daumcdn.net%2Fplace%2FF4D4DEB4333B45A98A96A72E0DF2DA9D', 'https://img1.kakaocdn.net/relay/local/R680x420/?fname=http%3A%2F%2Ft1.daumcdn.net%2Fplace%2FAD7D19205B5A462EB9B55B83F0EAA73F']",
34,KakaoMap,마리나모텔,평화동 245-58,"[36.1246949, 128.111242]",,,평화동,"여관,모텔",,,0,,,,2020.02.27.,054-430-9000,[],
35,KakaoMap,자이모텔,감호동 32,"[36.1215385, 128.1291996]",,,감호동,"여관,모텔",,,0,,,,2020.08.05.,054-437-4888,"['https://img1.kakaocdn.net/relay/local/R680x420/?fname=http%3A%2F%2Ft1.daumcdn.net%2Fplace%2F0AA91305E92D41D5B6EFAD2895B3D7A5', 'https://img1.kakaocdn.net/relay/local/R680x420/?fname=http%3A%2F%2Ft1.daumcdn.net%2Fplace%2F8303820443534EC0A8F071BC11D4732D', 'https://img1.kakaocdn.net/relay/local/R680x420/?fname=http%3A%2F%2Ft1.daumcdn.net%2Fplace%2FA8436A7C955A4843A913CB30A9E60C87', 'https://img1.kakaocdn.net/relay/local/R680x420/?fname=http%3A%2F%2Ft1.daumcdn.net%2Fplace%2F09C5114773B441C9994E36F86C1D09AF', 'https://img1.kakaocdn.net/relay/local/R680x420/?fname=http%3A%2F%2Ft1.daumcdn.net%2Fplace%2F4AC6F29B5BF44B52B80EB635C20F8FB2', 'https://img1.kakaocdn.net/relay/local/R680x420/?fname=http%3A%2F%2Ft1.daumcdn.net%2Fplace%2F7E27FEC890644731ADCB4996F4994DF7', 'https://img1.kakaocdn.net/relay/local/R680x420/?fname=http%3A%2F%2Ft1.daumcdn.net%2Fplace%2FE57EAFD0811E4504A4BDFEF9239AC385', 'https://img1.kakaocdn.net/relay/local/R680x420/?fname=http%3A%2F%2Ft1.daumcdn.net%2Fplace%2F063991C6CA55482494714B3D0AA98CAE', 'https://img1.kakaocdn.net/relay/local/R680x420/?fname=http%3A%2F%2Ft1.daumcdn.net%2Fplace%2F0BEF1062A6D54866BD443036341552ED', 'https://img1.kakaocdn.net/relay/local/R680x420/?fname=http%3A%2F%2Ft1.daumcdn.net%2Fplace%2F6AF749A09FB642C5BD46BD76DB1C63AD']",
36,KakaoMap,가빈모텔,감호동 10,"[36.122805, 128.1299038]",,,감호동,"여관,모텔",,,0,,,,2019.08.06.,054-430-4254,"['https://img1.kakaocdn.net/relay/local/R680x420/?fname=http%3A%2F%2Ft1.daumcdn.net%2Fplace%2F9134D8D1C77144D894E2454FAB3582EA', 'https://img1.kakaocdn.net/relay/local/R680x420/?fname=http%3A%2F%2Ft1.daumcdn.net%2Fplace%2F137B98B920BF4DEEA52474FC05F84B05', 'https://img1.kakaocdn.net/relay/local/R680x420/?fname=http%3A%2F%2Ft1.daumcdn.net%2Fplace%2FBC2D905A636B4599AC4BC905F01E7A73', 'https://img1.kakaocdn.net/relay/local/R680x420/?fname=http%3A%2F%2Ft1.daumcdn.net%2Fplace%2FD9E2B24B875C4428BF46F3835BE653E6', 'https://img1.kakaocdn.net/relay/local/R680x420/?fname=http%3A%2F%2Ft1.daumcdn.net%2Fplace%2F39D9A079635E48C3A912DC527C56D693', 'https://img1.kakaocdn.net/relay/local/R680x420/?fname=http%3A%2F%2Ft1.daumcdn.net%2Fplace%2FF1FE6AE789DA463C97E56F3C6AD65E95', 'https://img1.kakaocdn.net/relay/local/R680x420/?fname=http%3A%2F%2Ft1.daumcdn.net%2Fplace%2F72E37E2F6F944B7CAD87FA170FC1BB68', 'https://img1.kakaocdn.net/relay/local/R680x420/?fname=http%3A%2F%2Ft1.daumcdn.net%2Fplace%2FBCF4652002364914B2E69DD8F57ABC91', 'https://img1.kakaocdn.net/relay/local/R680x420/?fname=http%3A%2F%2Ft1.daumcdn.net%2Fplace%2F28F1F0CD32B042C89ACBC4879E60830C', 'https://img1.kakaocdn.net/relay/local/R680x420/?fname=http%3A%2F%2Ft1.daumcdn.net%2Fplace%2F9134D8D1C77144D894E2454FAB3582EA']",
37,KakaoMap,로미오모텔,감호동 12-7,"[36.1226269, 128.1296102]",,,감호동,"여관,모텔",,,0,,,,2018.03.22.,054-435-2231,[],
38,KakaoMap,무인엔모텔,대항면 덕전리 1339-2,"[36.1302885, 128.0362415]",,,대항면,"여관,모텔",,,0,,,,2019.09.11.,054-430-2727,[],
39,KakaoMap,프라미스모텔,부곡동 428-21,"[36.1237038, 128.1028042]",,,부곡동,"여관,모텔",,,0,,,,2020.04.24.,,"['https://img1.kakaocdn.net/relay/local/R680x420/?fname=http%3A%2F%2Ft1.daumcdn.net%2Fplace%2F7AD1715FF6D14A0682494946F4387D38', 'https://img1.kakaocdn.net/relay/local/R680x420/?fname=http%3A%2F%2Ft1.daumcdn.net%2Fplace%2FA0816AFD5FAA48B4BDAE03751F348BD1', 'https://img1.kakaocdn.net/relay/local/R680x420/?fname=http%3A%2F%2Ft1.daumcdn.net%2Fplace%2FAEFF94F3236947599E569E7F41EF2063', 'https://img1.kakaocdn.net/relay/local/R680x420/?fname=http%3A%2F%2Ft1.daumcdn.net%2Fplace%2FE4765C1139934177B327AC677D9105CE', 'https://img1.kakaocdn.net/relay/local/R680x420/?fname=http%3A%2F%2Ft1.daumcdn.net%2Fplace%2FCF02D7BE4C4B4F2DBDF235C8729B0289', 'https://img1.kakaocdn.net/relay/local/R680x420/?fname=http%3A%2F%2Ft1.daumcdn.net%2Fplace%2FB02AEAE169704762ABE55391FA40C002', 'https://img1.kakaocdn.net/relay/local/R680x420/?fname=http%3A%2F%2Ft1.daumcdn.net%2Fplace%2FE8827DC9B8194D3CACB6638D6CD94AC9', 'https://img1.kakaocdn.net/relay/local/R680x420/?fname=http%3A%2F%2Ft1.daumcdn.net%2Fplace%2F6F2F277FC0ED4F4E8E7537372798A623', 'https://img1.kakaocdn.net/relay/local/R680x420/?fname=http%3A%2F%2Ft1.daumcdn.net%2Fplace%2FEAB9C76DCB694E7387B46F4944FCDF5C', 'https://img1.kakaocdn.net/relay/local/R680x420/?fname=http%3A%2F%2Ft1.daumcdn.net%2Fplace%2FE4D25F2C685045BA9C118927EF8564EB']",
40,KakaoMap,새태양여인숙,평화동 324-15,"[36.12277530000001, 128.1119825]",,,평화동,"여관,모텔",,,0,,,,2018.03.02.,,[],
41,KakaoMap,투엔원모텔,남면 부상리 378,"[36.0739771, 128.2638888]",,,남면,"여관,모텔",,,2.0,,,,2021.08.12.,054-436-5588,"['https://img1.kakaocdn.net/relay/local/R680x420/?fname=http%3A%2F%2Ft1.daumcdn.net%2Fplace%2FCAB719C47EC242AAAD8C2B5946F8E457', 'https://img1.kakaocdn.net/relay/local/R680x420/?fname=http%3A%2F%2Ft1.daumcdn.net%2Fplace%2F80CEC9D4EC50423AA64C46DE36C8DA08', 'https://img1.kakaocdn.net/relay/local/R680x420/?fname=http%3A%2F%2Ft1.daumcdn.net%2Fplace%2F7BFDC8EA7F614F629C2D62AD356CB010', 'https://img1.kakaocdn.net/relay/local/R680x420/?fname=http%3A%2F%2Ft1.daumcdn.net%2Fplace%2F6081BE48C8E64F54BD493DD285E27E8F', 'https://img1.kakaocdn.net/relay/local/R680x420/?fname=http%3A%2F%2Ft1.daumcdn.net%2Fplace%2FEAF31AE5BA334E3F897DA2929F2E0E3B', 'https://img1.kakaocdn.net/relay/local/R680x420/?fname=http%3A%2F%2Ft1.daumcdn.net%2Fplace%2FCAB719C47EC242AAAD8C2B5946F8E457']",
42,KakaoMap,YS모텔,남면 오봉리 590-1,"[36.1014291, 128.2575279]",,,남면,"여관,모텔",,,0,,,,2021.01.20.,054-437-6830,"['https://img1.kakaocdn.net/relay/local/R680x420/?fname=http%3A%2F%2Ft1.daumcdn.net%2Fplace%2FFC59CC6B8E1D4C478612AB877BF2EB55', 'https://img1.kakaocdn.net/relay/local/R680x420/?fname=http%3A%2F%2Ft1.daumcdn.net%2Fplace%2F2896D17779F44E27BC41208996EA28FC']",
43,KakaoMap,예스텔,남면 봉천리 217,"[36.1375692, 128.2242879]",,,남면,"여관,모텔",,,1.0,,,,2021.08.19.,054-437-9970,"['https://img1.kakaocdn.net/relay/local/R680x420/?fname=http%3A%2F%2Ft1.daumcdn.net%2Flocal%2FkakaomapPhoto%2Freview%2F08cad9cecb33ee5fdca06767e0d294131f6c27aed31a9ef398c3c78734589013', 'https://img1.kakaocdn.net/relay/local/R680x420/?fname=http%3A%2F%2Ft1.daumcdn.net%2Flocalfiy%2F6C75DE90A5934EF69B339C061D207F31', 'https://img1.kakaocdn.net/relay/local/R680x420/?fname=http%3A%2F%2Ft1.daumcdn.net%2Flocal%2FkakaomapPhoto%2Freview%2F08cad9cecb33ee5fdca06767e0d294131f6c27aed31a9ef398c3c78734589013']",
44,KakaoMap,황제모텔,평화동 245-128,"[36.1259973, 128.1091619]",,,평화동,"여관,모텔",,,0,,,,2018.03.01.,054-433-4558,[],
45,KakaoMap,드라이브인휴모텔,아포읍 국사리 535,"[36.1551593, 128.2478123]",,,아포읍,"여관,모텔",,,5.0,,,,2020.03.08.,,"['https://img1.kakaocdn.net/relay/local/R680x420/?fname=http%3A%2F%2Ft1.daumcdn.net%2Flocalfiy%2F54F57013D62D43238BA0EC1DC8003E77', 'https://img1.kakaocdn.net/relay/local/R680x420/?fname=http%3A%2F%2Ft1.daumcdn.net%2Flocalfiy%2F0746F87D73684A01BE488370F11315D9', 'https://img1.kakaocdn.net/relay/local/R680x420/?fname=http%3A%2F%2Ft1.daumcdn.net%2Fcfile%2F23257A4155FA104230', 'https://img1.kakaocdn.net/relay/local/R680x420/?fname=http%3A%2F%2Ft1.daumcdn.net%2Flocalfiy%2FD4FDE53060934474B8AEF804DBDB6FB9', 'https://img1.kakaocdn.net/relay/local/R680x420/?fname=http%3A%2F%2Ft1.daumcdn.net%2Flocalfiy%2F4EB99E003D524B888FA9750B0DF16076', 'https://img1.kakaocdn.net/relay/local/R680x420/?fname=http%3A%2F%2Ft1.daumcdn.net%2Flocalfiy%2F22DCC82F47A94E93B16D20549DD2ACA8', 'https://img1.kakaocdn.net/relay/local/R680x420/?fname=http%3A%2F%2Ft1.daumcdn.net%2Flocalfiy%2F8B5846FABA944DDA8142AE62D3E748BF', 'https://img1.kakaocdn.net/relay/local/R680x420/?fname=http%3A%2F%2Ft1.daumcdn.net%2Flocalfiy%2F54F57013D62D43238BA0EC1DC8003E77']",
46,KakaoMap,리코모텔,남면 오봉리 1257-2,"[36.1268113, 128.2319274]",,,남면,"여관,모텔",,,0,,,,2020.01.29.,054-436-8855,"['https://img1.kakaocdn.net/relay/local/R680x420/?fname=http%3A%2F%2Ft1.daumcdn.net%2Fplace%2F6AF7B6EBDC6B44E2A06FFBB00BA51A9F', 'https://img1.kakaocdn.net/relay/local/R680x420/?fname=http%3A%2F%2Ft1.daumcdn.net%2Fplace%2FD32922A7D56D4EED974A756A2205C744', 'https://img1.kakaocdn.net/relay/local/R680x420/?fname=http%3A%2F%2Ft1.daumcdn.net%2Fplace%2FBFF70A10644441D591EDC8C29636D673', 'https://img1.kakaocdn.net/relay/local/R680x420/?fname=http%3A%2F%2Ft1.daumcdn.net%2Fplace%2FDD991FE34ABC48359E20E898F901BCFC', 'https://img1.kakaocdn.net/relay/local/R680x420/?fname=http%3A%2F%2Ft1.daumcdn.net%2Fplace%2FF8D333AF40F446ED8EE332E6962ACB61', 'https://img1.kakaocdn.net/relay/local/R680x420/?fname=http%3A%2F%2Ft1.daumcdn.net%2Fplace%2F150E48212D7543399DF5D67FEDEFC60D', 'https://img1.kakaocdn.net/relay/local/R680x420/?fname=http%3A%2F%2Ft1.daumcdn.net%2Fplace%2F36A4AED97E7240F68A5FE0FBE6E2A442', 'https://img1.kakaocdn.net/relay/local/R680x420/?fname=http%3A%2F%2Ft1.daumcdn.net%2Fplace%2F33927E7B5C06483E9F8DF697BAE15C3F', 'https://img1.kakaocdn.net/relay/local/R680x420/?fname=http%3A%2F%2Ft1.daumcdn.net%2Fplace%2F8809C85F5190452388195D7DA354FC56', 'https://img1.kakaocdn.net/relay/local/R680x420/?fname=http%3A%2F%2Ft1.daumcdn.net%2Fplace%2F6AF7B6EBDC6B44E2A06FFBB00BA51A9F']",
47,KakaoMap,로즈힐모텔,아포읍 국사리 600-9,"[36.159039, 128.2470965]",,,아포읍,"여관,모텔",,,0,,,,2019.07.23.,054-436-4009,[],
48,KakaoMap,아리아모텔,감호동 29,"[36.1216339, 128.1293453]",,,감호동,"여관,모텔",,,0,,,,2020.09.08.,054-434-0723,"['https://img1.kakaocdn.net/relay/local/R680x420/?fname=http%3A%2F%2Ft1.daumcdn.net%2Fplace%2F97EDEBEE8B7D42E0AB3D3E4ADE7BE68B', 'https://img1.kakaocdn.net/relay/local/R680x420/?fname=http%3A%2F%2Ft1.daumcdn.net%2Fplace%2FB01586A626274CA4A3E1C138AC5D92C1', 'https://img1.kakaocdn.net/relay/local/R680x420/?fname=http%3A%2F%2Ft1.daumcdn.net%2Fplace%2F4EEAD263A67948D7854729AEEA5EB19E', 'https://img1.kakaocdn.net/relay/local/R680x420/?fname=http%3A%2F%2Ft1.daumcdn.net%2Fplace%2FEEA9367542E04422AEFEECBAE5CD0818', 'https://img1.kakaocdn.net/relay/local/R680x420/?fname=http%3A%2F%2Ft1.daumcdn.net%2Fplace%2F13CCADCE9F954E8089D2A2AFF19C8B97', 'https://img1.kakaocdn.net/relay/local/R680x420/?fname=http%3A%2F%2Ft1.daumcdn.net%2Fplace%2FA1B8C6405DDC487AA735BEF74E78A607', 'https://img1.kakaocdn.net/relay/local/R680x420/?fname=http%3A%2F%2Ft1.daumcdn.net%2Fplace%2F568A2975E55F4834AEA9181E8687F0C2', 'https://img1.kakaocdn.net/relay/local/R680x420/?fname=http%3A%2F%2Ft1.daumcdn.net%2Fplace%2FCD88FCFFD68049868D7204C7730B7CDE', 'https://img1.kakaocdn.net/relay/local/R680x420/?fname=http%3A%2F%2Ft1.daumcdn.net%2Fplace%2F97EDEBEE8B7D42E0AB3D3E4ADE7BE68B']",
49,KakaoMap,폭스모텔,아포읍 송천리 1111,"[36.1530675, 128.2686656]",,,아포읍,"여관,모텔",,,0,,,,2017.10.17.,054-437-8254,[],
50,KakaoMap,휠모텔,남면 부상리 789,"[36.0723222, 128.2618594]",,,남면,"여관,모텔",,,0,,,,2017.11.27.,054-431-2900,"['https://img1.kakaocdn.net/relay/local/R680x420/?fname=http%3A%2F%2Ft1.daumcdn.net%2Flocalfiy%2FDF9597C279A94A0E8339D8FF6A363391', 'https://img1.kakaocdn.net/relay/local/R680x420/?fname=http%3A%2F%2Ft1.daumcdn.net%2Flocalfiy%2FFFCFDC565B534C0D81EBA35D566EA50E', 'https://img1.kakaocdn.net/relay/local/R680x420/?fname=http%3A%2F%2Ft1.daumcdn.net%2Flocalfiy%2F784F23CCC33744EBBC530E15C18331C4', 'https://img1.kakaocdn.net/relay/local/R680x420/?fname=http%3A%2F%2Ft1.daumcdn.net%2Flocalfiy%2F6713D500800845DABD8751DBBDFFE7E6', 'https://img1.kakaocdn.net/relay/local/R680x420/?fname=http%3A%2F%2Ft1.daumcdn.net%2Flocalfiy%2FDF9597C279A94A0E8339D8FF6A363391']",
51,KakaoMap,아리수,남면 봉천리 277,"[36.141395, 128.2248433]",,,남면,"여관,모텔",,,0,,,,2021.01.20.,070-7163-6501,[],
52,KakaoMap,모텔하이야트,평화동 147-9,"[35.7829989, 127.1365876]",,,평화동,"여관,모텔",,,0,,,,2018.03.04.,054-439-9933,[],
53,KakaoMap,오봉스모텔,남면 송곡리 산 77,"[36.0894558, 128.248793]",,,남면,"여관,모텔",,,1.0,,,,2018.03.02.,054-432-0056,[],
54,KakaoMap,엘림장여관,평화동 323-7,"[36.1229802, 128.1126826]",,,평화동,"여관,모텔",,,0,,,,2018.03.01.,054-430-2269,[],
55,KakaoMap,로얄모텔,부곡동 425-3,"[36.1246543, 128.1031421]",,,부곡동,"여관,모텔",,,0,,,,2019.08.06.,054-433-1123,"['https://img1.kakaocdn.net/relay/local/R680x420/?fname=http%3A%2F%2Ft1.daumcdn.net%2Fplace%2FADD32ED7DD7547AD828AEB95FED85FB9', 'https://img1.kakaocdn.net/relay/local/R680x420/?fname=http%3A%2F%2Ft1.daumcdn.net%2Fplace%2FE004B8BACD954B2AA410CEE333D91DA5', 'https://img1.kakaocdn.net/relay/local/R680x420/?fname=http%3A%2F%2Ft1.daumcdn.net%2Fplace%2FC369CAD3F90548FDA2D19C3AABF5984D', 'https://img1.kakaocdn.net/relay/local/R680x420/?fname=http%3A%2F%2Ft1.daumcdn.net%2Fplace%2FADD32ED7DD7547AD828AEB95FED85FB9']",
56,KakaoMap,로망스모텔,감호동 39-2,"[36.1211815, 128.1293212]",,,감호동,"여관,모텔",,,0,,,,2019.08.06.,054-430-5100,"['https://img1.kakaocdn.net/relay/local/R680x420/?fname=http%3A%2F%2Ft1.daumcdn.net%2Fplace%2F7B6FD45EFBFC43A48FD22372662C0E68', 'https://img1.kakaocdn.net/relay/local/R680x420/?fname=http%3A%2F%2Ft1.daumcdn.net%2Fplace%2F379665924EA847C1AE0034B0D7C1FD0A', 'https://img1.kakaocdn.net/relay/local/R680x420/?fname=http%3A%2F%2Ft1.daumcdn.net%2Fplace%2F15F520EE8AC44BE9B5941CE350DC7E27', 'https://img1.kakaocdn.net/relay/local/R680x420/?fname=http%3A%2F%2Ft1.daumcdn.net%2Fplace%2FA43E33B1A97D49C4BD518A3E4669E26F', 'https://img1.kakaocdn.net/relay/local/R680x420/?fname=http%3A%2F%2Ft1.daumcdn.net%2Fplace%2F7B6FD45EFBFC43A48FD22372662C0E68']",
57,KakaoMap,휴모텔,대항면 덕전리 1160,"[36.131568, 128.0474981]",,,대항면,"여관,모텔",,,0,,,,2018.03.01.,054-436-2242,[],
58,KakaoMap,소야모텔,부곡동 361-44,"[36.12437930000001, 128.105408]",,,부곡동,"여관,모텔",,,0,,,,2021.02.09.,054-436-4348,"['https://img1.kakaocdn.net/relay/local/R680x420/?fname=http%3A%2F%2Ft1.daumcdn.net%2Fplace%2FBED037691CA6415988DA6AED1331C1BB', 'https://img1.kakaocdn.net/relay/local/R680x420/?fname=http%3A%2F%2Ft1.daumcdn.net%2Fplace%2F3DE22DB7FCE44D4FAECE0C39FF86E184', 'https://img1.kakaocdn.net/relay/local/R680x420/?fname=http%3A%2F%2Ft1.daumcdn.net%2Fplace%2F84740CD907B84815A826D61DE88994EB', 'https://img1.kakaocdn.net/relay/local/R680x420/?fname=http%3A%2F%2Ft1.daumcdn.net%2Fplace%2F27787F540BC84DAC9F9811256B463697', 'https://img1.kakaocdn.net/relay/local/R680x420/?fname=http%3A%2F%2Ft1.daumcdn.net%2Fplace%2FBED037691CA6415988DA6AED1331C1BB']",
59,KakaoMap,오렌지모텔,응명동 929-1,"[36.1532805, 128.1166179]",,,응명동,"여관,모텔",,,0,,,,2021.08.23.,,[],
60,KakaoMap,샘모텔,아포읍 인리 955,"[36.1677495, 128.2459879]",,,아포읍,"여관,모텔",,,0,,,,2018.07.05.,054-434-9933,[],
61,KakaoMap,모텔런던파크,부곡동 425-2,"[36.1247245, 128.1032932]",,,부곡동,"여관,모텔",,,0,,,,2020.02.24.,054-434-7259,[],
62,KakaoMap,인디언걸,대항면 덕전리 1321,"[36.1291097, 128.038773]",,,대항면,"여관,모텔",,,0,,,,2021.08.12.,054-910-5656,"['https://img1.kakaocdn.net/relay/local/R680x420/?fname=http%3A%2F%2Ft1.daumcdn.net%2Flocalfiy%2F485A9876B59A4C9AAE15E71DAECA45B8', 'https://img1.kakaocdn.net/relay/local/R680x420/?fname=http%3A%2F%2Ft1.daumcdn.net%2Flocalfiy%2F86FBCC833194475EB12827928CBAB03B', 'https://img1.kakaocdn.net/relay/local/R680x420/?fname=http%3A%2F%2Ft1.daumcdn.net%2Flocalfiy%2FEDA21E47AAE4457EA49F83484EF80CCF', 'https://img1.kakaocdn.net/relay/local/R680x420/?fname=http%3A%2F%2Ft1.daumcdn.net%2Flocalfiy%2FB8B36A9DCC73451B823B45F741FCF737', 'https://img1.kakaocdn.net/relay/local/R680x420/?fname=http%3A%2F%2Ft1.kakaocdn.net%2Ffiy_reboot%2Fplace%2F5FD9B0A4EAEC45288BF46FD6764325DC', 'https://img1.kakaocdn.net/relay/local/R680x420/?fname=http%3A%2F%2Ft1.daumcdn.net%2Flocalfiy%2F485A9876B59A4C9AAE15E71DAECA45B8']",
63,KakaoMap,파크장여관,평화동 245-177,"[36.1249621, 128.1087961]",,,평화동,"여관,모텔",,,0,,,,2018.02.27.,054-430-1212,[],
64,KakaoMap,발리모텔,아포읍 국사리 49-1,"[36.159496, 128.2590069]",,,아포읍,"여관,모텔",,,5.0,,,,2020.02.24.,,[],
65,KakaoMap,카오스모텔,대항면 덕전리 1346,"[36.1288983, 128.0375141]",,,대항면,"여관,모텔",,,0,,,,2018.03.05.,054-432-7477,[],
66,KakaoMap,극동모텔,부곡동 425-17,"[36.1245731, 128.103253]",,,부곡동,"여관,모텔",,,0,,,,2020.01.22.,054-432-2810,"['https://img1.kakaocdn.net/relay/local/R680x420/?fname=http%3A%2F%2Ft1.daumcdn.net%2Fplace%2FBA9CC04425C64F28AE84D3D65B3FF108', 'https://img1.kakaocdn.net/relay/local/R680x420/?fname=http%3A%2F%2Ft1.daumcdn.net%2Fplace%2F23F25D3F72144526854D3F1324771B03', 'https://img1.kakaocdn.net/relay/local/R680x420/?fname=http%3A%2F%2Ft1.daumcdn.net%2Fplace%2FBA9CC04425C64F28AE84D3D65B3FF108']",
67,KakaoMap,리치모텔,용두동 49-1,"['0', '0']",,,용두동,"여관,모텔",,,0,,,,2018.03.26.,054-436-4406,[],
68,KakaoMap,수정하숙,평화동 304-11,"[36.1217677, 128.1138262]",,,평화동,"여관,모텔",,,0,,,,2020.04.24.,054-434-2764,[],
69,KakaoMap,에이플러스모텔,아포읍 국사리 49-2,"[36.1595901, 128.2584249]",,,아포읍,"여관,모텔",,,0,,,,2018.03.03.,,[],
70,KakaoMap,큐모텔,아포읍 대성리 547-4,"[36.118258, 128.2800242]",,,아포읍,"여관,모텔",,,0,,,,2019.09.25.,,[],
71,KakaoMap,BC모텔,어모면 옥계리 26-1,"[36.2196609, 128.0975384]",,,어모면,"여관,모텔",,,5.0,,,,2020.05.18.,,"['https://img1.kakaocdn.net/relay/local/R680x420/?fname=http%3A%2F%2Ft1.daumcdn.net%2Fplace%2F8233EB46A2344C649797D6BB810E5966', 'https://img1.kakaocdn.net/relay/local/R680x420/?fname=http%3A%2F%2Ft1.daumcdn.net%2Fplace%2FB26B8F8E5486444F90270F7CF52F531C', 'https://img1.kakaocdn.net/relay/local/R680x420/?fname=http%3A%2F%2Ft1.daumcdn.net%2Fplace%2FA21D423E0AA74C92A50569B52C54FD39', 'https://img1.kakaocdn.net/relay/local/R680x420/?fname=http%3A%2F%2Ft1.daumcdn.net%2Fplace%2FDED1130FD6CE48848B71F5C2679644D8', 'https://img1.kakaocdn.net/relay/local/R680x420/?fname=http%3A%2F%2Ft1.daumcdn.net%2Fplace%2F14756B5A1339489ABE45AA906DDBE6F0', 'https://img1.kakaocdn.net/relay/local/R680x420/?fname=http%3A%2F%2Ft1.daumcdn.net%2Fplace%2F95A9391BCFF342C3B02273608B8D1723', 'https://img1.kakaocdn.net/relay/local/R680x420/?fname=http%3A%2F%2Ft1.daumcdn.net%2Fplace%2FC04F442B6C5040EAAB9691D3CAD25058', 'https://img1.kakaocdn.net/relay/local/R680x420/?fname=http%3A%2F%2Ft1.daumcdn.net%2Fplace%2F8233EB46A2344C649797D6BB810E5966']",
72,KakaoMap,월드모텔,용두동 30,"[37.5757009, 127.034989]",,,용두동,"여관,모텔",,,0,,,,2017.10.21.,054-431-9696,[],
73,KakaoMap,라인모텔,남면 부상리 47-4,"[36.0649367, 128.298245]",,,남면,"여관,모텔",,,0,,,,2021.03.10.,,[],
74,KakaoMap,모노모텔,남면 봉천리 53-2,"[36.1279311, 128.2260469]",,,남면,"여관,모텔",,,0,,,,2018.01.23.,054-433-0018,[],
75,KakaoMap,파크모텔,평화동 245,"[36.1258413, 128.1112891]",,,평화동,"여관,모텔",,,0,,,,2021.06.23.,054-430-1212,[],
76,KakaoMap,샤르망모텔,대항면 운수리 38-10,"[36.115089, 128.0159968]",,,대항면,"여관,모텔",,,0,,,,2018.03.02.,,[],
77,KakaoMap,홍일장여관,평화동 261-4,"[36.123178, 128.1131273]",,,평화동,"여관,모텔",,,0,,,,2017.09.27.,054-434-2020,[],
78,KakaoMap,마운틴모텔,아포읍 대성리 666-1,"[36.1078981, 128.2740074]",,,아포읍,"여관,모텔",,,0,,,,2017.12.05.,,[],
79,KakaoMap,인디언보이,대항면 덕전리 1317-6,"[36.1287176, 128.0390372]",,,대항면,"여관,모텔",,,0,,,,2021.08.13.,054-910-5556,"['https://img1.kakaocdn.net/relay/local/R680x420/?fname=http%3A%2F%2Ft1.daumcdn.net%2Flocalfiy%2F63A523CEC3D44DC7811341845E1210E4', 'https://img1.kakaocdn.net/relay/local/R680x420/?fname=http%3A%2F%2Ft1.daumcdn.net%2Flocalfiy%2F90C8EB56993647E78818B8FADF0E11DD', 'https://img1.kakaocdn.net/relay/local/R680x420/?fname=http%3A%2F%2Ft1.daumcdn.net%2Flocalfiy%2F9D7D04917479493E8338DB2722846EF8']",
80,KakaoMap,베니스모텔,용두동 19-4,"['0', '0']",,,용두동,"여관,모텔",,,0,,,,2018.06.02.,054-437-1530,[],
81,KakaoMap,아리랑모텔,평화동 147-18,"[36.127278, 128.1114693]",,,평화동,"여관,모텔",,,0,,,,2018.03.03.,054-433-1417,[],
82,KakaoMap,공감모텔,평화동 245-206,"[36.1256164, 128.1088281]",,,평화동,"여관,모텔",,,0,,,,2021.05.04.,054-433-7030,[],
83,KakaoMap,올리브모텔,용두동 163-2,"[37.5757009, 127.034989]",,,용두동,"여관,모텔",,,0,,,,2020.01.17.,054-434-3016,[],
84,KakaoMap,나르모텔,부곡동 428-9,"[36.1236582, 128.1033929]",,,부곡동,"여관,모텔",,,0,,,,2020.11.25.,,"['https://img1.kakaocdn.net/relay/local/R680x420/?fname=http%3A%2F%2Ft1.daumcdn.net%2Fplace%2FC734E2FEB54E42AA8F523697FAC0A053', 'https://img1.kakaocdn.net/relay/local/R680x420/?fname=http%3A%2F%2Ft1.daumcdn.net%2Fplace%2FD23454C2F01C4F39BA418E277EDE8443', 'https://img1.kakaocdn.net/relay/local/R680x420/?fname=http%3A%2F%2Ft1.daumcdn.net%2Fplace%2F539F3F82B7924DA68D7A8477E853A71E', 'https://img1.kakaocdn.net/relay/local/R680x420/?fname=http%3A%2F%2Ft1.daumcdn.net%2Fplace%2FF1A1B1973273471AB0F2F0FF47EF55C1', 'https://img1.kakaocdn.net/relay/local/R680x420/?fname=http%3A%2F%2Ft1.daumcdn.net%2Fplace%2F28D8ABEC2E854CA3A8A9F15425975924', 'https://img1.kakaocdn.net/relay/local/R680x420/?fname=http%3A%2F%2Ft1.daumcdn.net%2Fplace%2FC734E2FEB54E42AA8F523697FAC0A053']",
85,KakaoMap,뉴스위트모텔,남면 봉천리 51-5,"[36.1264964, 128.2273904]",,,남면,"여관,모텔",,,0,,,,2018.02.28.,054-439-9444,[],
86,KakaoMap,선모텔,대항면 덕전리 1340-2,"[36.1298963, 128.036588]",,,대항면,"여관,모텔",,,0,,,,2017.09.22.,054-431-3333,[],
87,KakaoMap,비씨모텔,어모면 옥계리 26-1,"[36.2196609, 128.0975384]",,,어모면,"여관,모텔",,,0,,,,2021.06.23.,054-430-2003,[],
88,KakaoMap,삼원장여관,평화동 245-186,"[36.1247786, 128.1093902]",,,평화동,"여관,모텔",,,0,,,,2018.03.19.,054-432-7588,[],
89,KakaoMap,힐탑장,응명동 707-3,"[36.1459073, 128.124449]",,,응명동,"여관,모텔",,,0,,,,2020.09.03.,,[],
90,KakaoMap,향원모텔,부곡동 432-21,"[36.1255521, 128.1051874]",,,부곡동,"여관,모텔",,,0,,,,2019.10.14.,010-4879-1263,[],
91,KakaoMap,캐슬모텔,남면 봉천리 181-9,"[36.14033, 128.223748]",,,남면,"여관,모텔",,,0,,,,2019.09.25.,,[],
92,KakaoMap,모텔러브,남면 부상리 47-5,"[36.0649367, 128.298245]",,,남면,"여관,모텔",,,0,,,,2019.08.02.,054-431-0030,"['https://img1.kakaocdn.net/relay/local/R680x420/?fname=http%3A%2F%2Ft1.daumcdn.net%2Fplace%2FE497898B137B40D19176E626256D6610', 'https://img1.kakaocdn.net/relay/local/R680x420/?fname=http%3A%2F%2Ft1.daumcdn.net%2Fplace%2F759F55C165904D2ABB7A59E2DBE0F8F4', 'https://img1.kakaocdn.net/relay/local/R680x420/?fname=http%3A%2F%2Ft1.daumcdn.net%2Fplace%2FE497898B137B40D19176E626256D6610']",
93,KakaoMap,천웅모텔,부곡동 425-18,"[36.1247821, 128.1034277]",,,부곡동,"여관,모텔",,,0,,,,2019.09.25.,054-433-5666,[],
94,KakaoMap,디올모텔,평화동 229-1,"['0', '0']",,,평화동,"여관,모텔",,,0,,,,2018.10.24.,,[],
95,KakaoMap,낙원모텔,부곡동 440-10,"[36.1263489, 128.1061261]",,,부곡동,"여관,모텔",,,0,,,,2018.02.26.,054-433-8558,[],
96,KakaoMap,영남여관,평화동 324-1,"[35.7873541, 127.1280925]",,,평화동,"여관,모텔",,,0,,,,2018.03.26.,054-434-2128,[],
97,KakaoMap,강남장,지좌동 759-5,"[36.1160363, 128.1331851]",,,지좌동,"여관,모텔",,,0,,,,2018.03.04.,,[],
98,KakaoMap,핑크모텔,감호동 34,"[36.1213971, 128.1291494]",,,감호동,"여관,모텔",,,0,,,,2018.03.21.,054-434-0006,[],
99,KakaoMap,제주파크장,평화동 245-183,"[36.1247491, 128.1090702]",,,평화동,"여관,모텔",,,0,,,,2017.10.15.,054-430-6990,[],
100,KakaoMap,은하장모텔,용두동 63-1,"[36.1215532, 128.129003]",,,용두동,"여관,모텔",,,0,,,,2020.04.24.,054-439-4419,[],
101,KakaoMap,혜림모텔,평화동 300-21,"[36.1222816, 128.1145946]",,,평화동,"여관,모텔",,,0,,,,2020.04.28.,,[],
102,KakaoMap,코리아장여관,평화동 147-19,"[36.1267945, 128.1076576]",,,평화동,"여관,모텔",,,0,,,,2018.02.27.,054-439-3449,[],
103,KakaoMap,그곳애모텔,남면 오봉리 6-4,"[36.0995557, 128.2763584]",,,남면,"여관,모텔",,,0,,,,2018.03.01.,,[],
104,KakaoMap,제일파크,부곡동 432-6,"[36.1256331, 128.1052697]",,,부곡동,"여관,모텔",,,0,,,,2021.07.21.,054-432-4001,[],
105,KakaoMap,하이파크장,부곡동 442-6,"[36.1258798, 128.1055622]",,,부곡동,"여관,모텔",,,0,,,,2017.10.26.,054-433-5888,[],
106,KakaoMap,성수장여관,평화동 149-1,"['0', '0']",,,평화동,"여관,모텔",,,0,,,,2018.03.03.,054-432-4828,[],
107,KakaoMap,애림장여관,평화동 255-15,"[36.1239609, 128.1115498]",,,평화동,"여관,모텔",,,0,,,,2016.12.22.,054-437-8950,[],
108,KakaoMap,프라임에셋,신음동 1210-5,"[36.1321259, 128.1053806]",,,신음동,"여관,모텔",,,0,,,,2017.09.20.,,[],
109,KakaoMap,시대모텔,부곡동 425-21,"[36.1244234, 128.1033639]",,,부곡동,"여관,모텔",,,0,,,,2018.02.27.,054-432-2445,[],
110,KakaoMap,하이트모텔,감호동 31,"[36.1214735, 128.1293639]",,,감호동,"여관,모텔",,,0,,,,2021.10.19.,,[],
111,KakaoMap,동원여인숙,평화동 334-41,"[36.1233992, 128.1117445]",,,평화동,"여관,모텔",,,0,,,,2016.11.07.,,[],
112,KakaoMap,금호장,성내동 73-13,"[36.1218984, 128.1193821]",,,성내동,"여관,모텔",,,0,,,,2020.10.14.,,[],
113,KakaoMap,뉴리베라모텔여관,부곡동 428-16,"[36.1235275, 128.1034028]",,,부곡동,"여관,모텔",,,0,,,,2018.02.27.,,[],
114,KakaoMap,부산장여관,대항면 향천리 324-3,"[36.1149203, 128.0170609]",,,대항면,"여관,모텔",,,0,,,,2018.09.20.,,[],
115,KakaoMap,청운여관,감호동 12-10,"[36.12247190000001, 128.1295811]",,,감호동,"여관,모텔",,,0,,,,2017.11.07.,054-434-4741,[],
116,KakaoMap,애림여관,양천동 391-11,"[36.0990326, 128.1166476]",,,양천동,"여관,모텔",,,0,,,,2016.11.18.,,[],
117,KakaoMap,서림장여관,황금동 86-1,"[35.8400931, 128.6402716]",,,황금동,"여관,모텔",,,0,,,,2017.09.20.,,[],
118,KakaoMap,모텔S,남면 오봉리 590-2,"[36.1011482, 128.2578169]",,,남면,"여관,모텔",,,0,,,,2018.03.04.,,[],
119,KakaoMap,금강산모텔,부곡동 426-14,"[36.1241141, 128.1046133]",,,부곡동,"여관,모텔",,,0,,,,2018.03.02.,,[],
120,KakaoMap,일진빌,감호동 32,"[36.1215385, 128.1291996]",,,감호동,"여관,모텔",,,0,,,,2019.04.28.,,[],
121,KakaoMap,굿타임장여관,평화동 147-18,"[36.127278, 128.1114693]",,,평화동,"여관,모텔",,,0,,,,2016.11.07.,,[],
122,KakaoMap,카리브모텔,추풍령면 추풍령리 212-3,"[36.208613, 128.0030106]",,,추풍령면,"여관,모텔",,,5.0,,,,2020.12.17.,,"['https://img1.kakaocdn.net/relay/local/R680x420/?fname=http%3A%2F%2Ft1.daumcdn.net%2Flocalfiy%2F03BC9FA50B73497684A6F93E5A2D142C', 'https://img1.kakaocdn.net/relay/local/R680x420/?fname=http%3A%2F%2Ft1.daumcdn.net%2Flocalfiy%2F4D83AB5D99094F18A7D40706E38DD469', 'https://img1.kakaocdn.net/relay/local/R680x420/?fname=http%3A%2F%2Ft1.daumcdn.net%2Flocalfiy%2FFAEA701EF5604332B47929E40A620EE8', 'https://img1.kakaocdn.net/relay/local/R680x420/?fname=http%3A%2F%2Ft1.daumcdn.net%2Flocalfiy%2FB54696C5054443388DBAEE5D0A96F827', 'https://img1.kakaocdn.net/relay/local/R680x420/?fname=http%3A%2F%2Ft1.daumcdn.net%2Flocalfiy%2F2CFE82A017FD47EEAF460B5D33052EBA', 'https://img1.kakaocdn.net/relay/local/R680x420/?fname=http%3A%2F%2Ft1.daumcdn.net%2Flocalfiy%2F03BC9FA50B73497684A6F93E5A2D142C']",
123,KakaoMap,에덴파크장,추풍령면 추풍령리 122,"[36.211379, 128.0055275]",,,추풍령면,"여관,모텔",,,0,,,,2018.03.03.,043-742-3913,[],
124,KakaoMap,이화정파크,공성면 이화리 791,"[36.2755106, 128.0876313]",,,공성면,"여관,모텔",,,5.0,,,,2018.03.23.,054-534-3301,"['https://img1.kakaocdn.net/relay/local/R680x420/?fname=http%3A%2F%2Fpostfiles7.naver.net%2FMjAyMDAxMTFfOTUg%2FMDAxNTc4NzIwNjE4OTk5.oJyFNO0f75Vx-gHQz2OVMiTSLipkKW4CDK43sn5QFp8g.7cQtaLNwgMbqG3W-dN670gAZp3jQXymyxQYwtfIS2mIg.JPEG.choidae23%2F1578720617954.jpg%3Ftype%3Dw966', 'https://img1.kakaocdn.net/relay/local/R680x420/?fname=http%3A%2F%2Fpostfiles5.naver.net%2FMjAyMDAxMTFfMTg5%2FMDAxNTc4NzIwNjE4MzQx.utaMbmbTCOrmP3dQbnf4bKtNUV1iywCQXVNZ4VPf8cYg.spuSCBaLNxrSjIgJLPBrDMMp4LPX1SUYrmKAzKHzgh0g.JPEG.choidae23%2F1578720617294.jpg%3Ftype%3Dw966', 'https://img1.kakaocdn.net/relay/local/R680x420/?fname=http%3A%2F%2Fpostfiles7.naver.net%2FMjAyMDAxMTFfMTQ3%2FMDAxNTc4NzIwNjE3NTM1.aLn277rRZlapNJCCiVARnFe5vporj3wkcB0Ay9e5PYIg.bjwZB90kUh5uCIED6lA9M4KNZ7DbSybr_qxiNDPMn8Ig.JPEG.choidae23%2F1578720616490.jpg%3Ftype%3Dw966', 'https://img1.kakaocdn.net/relay/local/R680x420/?fname=http%3A%2F%2Fpostfiles10.naver.net%2FMjAyMDAxMTFfNjIg%2FMDAxNTc4NzIwNjE2Njcy.DfMOLvPd5S2t9EGtFl6tx0ul6d4RSM9cXyzXhcRPvGIg.kbMKfQKzOZuI6nJyrQRnXDAfaTvjCDlaxpE81hdn6nEg.JPEG.choidae23%2F1578720615621.jpg%3Ftype%3Dw966', 'https://img1.kakaocdn.net/relay/local/R680x420/?fname=http%3A%2F%2Fpostfiles3.naver.net%2FMjAyMDAxMTFfMTU0%2FMDAxNTc4NzIwNjE1OTI3.K0eZteGTAo-MZCq26UbGiY97kvP-wMXuaA4Eo4wDrSQg.vC_nCl8W1AIqlCNXCJlVZb7hbGDSVeS0Oz3D-aS-TLog.JPEG.choidae23%2F1578720614776.jpg%3Ftype%3Dw966', 'https://img1.kakaocdn.net/relay/local/R680x420/?fname=http%3A%2F%2Fpostfiles6.naver.net%2FMjAyMDAxMTFfMjkx%2FMDAxNTc4NzIwNjE1MDE1.ZE4Bz6pA4uoVekXPivRMMijVPkROB7U9MWo64WzJkxsg.G29lAgPbxGnc2s09BU9hTmeqYUcTgCwL4vI9pejs1Z4g.JPEG.choidae23%2F1578720613994.jpg%3Ftype%3Dw966', 'https://img1.kakaocdn.net/relay/local/R680x420/?fname=http%3A%2F%2Fpostfiles11.naver.net%2FMjAyMDAxMTFfMTkx%2FMDAxNTc4NzIwNjE0MzIw.BK_XXRYiG65kij8m7tOH-c15lkclPGfXW7Fxv1xwoRIg.UcebtinKZvH9LF230UcgTwILw_zEA2qLZ6-cVh0CJXcg.JPEG.choidae23%2F1578720613275.jpg%3Ftype%3Dw966', 'https://img1.kakaocdn.net/relay/local/R680x420/?fname=http%3A%2F%2Fpostfiles9.naver.net%2FMjAyMDAxMTFfMTE3%2FMDAxNTc4NzIwNjEzNDgx.NA4ScMO6qhh8xxKLifJo8bUkmWr-I2mVbw33ZOsrPZIg.YVQFMvLe-OdRe034jVBWf2B6rGw3Q8sGLFb3bU_sAJwg.JPEG.choidae23%2F1578720612409.jpg%3Ftype%3Dw966', 'https://img1.kakaocdn.net/relay/local/R680x420/?fname=http%3A%2F%2Fpostfiles10.naver.net%2FMjAyMDAxMTFfNTkg%2FMDAxNTc4NzIwNjEyNzE0.TiiEU1HziN57qWgvuo6dTgF9rUBif4W17MLvFaUTqpUg.V6PPH5UKvBi06ZXeC0nFmfyRQCJMxVgWhCurqOT280kg.JPEG.choidae23%2F1578720611679.jpg%3Ftype%3Dw966', 'https://img1.kakaocdn.net/relay/local/R680x420/?fname=http%3A%2F%2Fpostfiles15.naver.net%2FMjAyMDAxMTFfMjc2%2FMDAxNTc4NzIwNjExNDU1.yD5ZFeHQ3IFHzIweop3hRq0VAGCyZB1Ibt6SpupP4Pwg._R3GTLcoVs5tseJu1fww7XrzYKeFFwqCaADGQ1fEgyog.JPEG.choidae23%2F1578720610419.jpg%3Ftype%3Dw966']",
125,KakaoMap,컨티뉴호텔 구미점,봉곡동 402-6,"[36.1477112, 128.3110731]",https://continewhotelgumi.modoo.at/,,봉곡동,"여관,모텔","{'roomName': ['스탠다드-조식(세스코방역)(넷플릭스 가능,호텔침구,욕조,PC)', '디럭스-조식(세스코방역)(넷플릭스 가능,공기청정기,호텔침구,스파,PC)', '디럭스 트윈-조식(세스코방역)(넷플릭스 가능,공기청정기,호텔침구,일반욕조,PC)', '트윈-조식(스타일러구비,세스코방역)(호텔침구,욕조X,공기청정기,PC)', '스위트-조식/게이밍체어(배그가능2PC,세스코방역,넷플릭스가능,비데)(공기청정기,스타일러구비,호텔침구,2인스파월풀,DVD플레이어)', '스탠다드-조식(세스코방역)(넷플릭스 가능,호텔침구,욕조,PC)', '디럭스-조식(세스코방역)(넷플릭스 가능,공기청정기,호텔침구,스파,PC)', '디럭스 트윈-조식(세스코방역)(넷플릭스 가능,공기청정기,호텔침구,일반욕조,PC)', '트윈-조식(스타일러구비,세스코방역)(호텔침구,욕조X,공기청정기,PC)', '스위트-조식/게이밍체어(배그가능2PC,세스코방역,넷플릭스가능,비데)(공기청정기,스타일러구비,호텔침구,2인스파월풀,DVD플레이어)', '프리미어-조식/게이밍체어(배그롤가능2PC,세스코방역,넷플릭스가능,비데)(공기청정기,스타일러구비,호텔침구,2인스파월풀,DVD플레이어)', 'VVIP-조식/게이밍체어(배그가능2PC,세스코방역,넷플릭스가능,안마의자)(비데,공기청정기,스타일러구비,호텔침구,모션베드,2인스파월풀,DVD플레이어)', 'VR-조식(세스코방역,게임&2,200여가지콘텐츠,비데,안마의자)(공기청정기,스타일러구비,호텔침구,2인스파월풀,스크린영화,고사양2PC)', '컨티뉴 랜덤(세스코 안심방역)(체크인 시 배정)', '스탠다드 DVD룸'], 'roomPrice': ['대실 20,000원|숙박 50,000원', '대실 25,000원|숙박 60,000원', '대실 업체문의|숙박 60,000원', '대실 업체문의|숙박 60,000원', '대실 30,000원|숙박 70,000원', '대실 20,000원|숙박 50,000원', '대실 25,000원|숙박 60,000원', '대실 업체문의|숙박 60,000원', '대실 업체문의|숙박 60,000원', '대실 30,000원|숙박 70,000원', '대실 30,000원|숙박 70,000원', '대실 35,000원|숙박 80,000원', '대실 40,000원|숙박 90,000원', '대실 업체문의|숙박 50,000원', '대실 업체문의|숙박 업체문의'], 'roomDescription': ['기준 2인|최대 2인', '기준 2인|최대 2인', '기준 2인|최대 3인', '기준 2인|최대 2인', '기준 2인|최대 2인', '기준 2인|최대 2인', '기준 2인|최대 2인', '기준 2인|최대 3인', '기준 2인|최대 2인', '기준 2인|최대 2인', '기준 2인|최대 2인', '기준 2인|최대 2인', '기준 2인|최대 2인', '기준 2인|최대 2인', '기준 2인|최대 2인']}",,4.0,,,,2021.04.26.,0507-1485-2050,"['https://img1.kakaocdn.net/relay/local/R680x420/?fname=http%3A%2F%2Ft1.kakaocdn.net%2Ffiy_reboot%2Fplace%2F1F506F46DA124FAEAADF984DAD37362B', 'https://img1.kakaocdn.net/relay/local/R680x420/?fname=http%3A%2F%2Ft1.kakaocdn.net%2Ffiy_reboot%2Fplace%2F773B36582A0C48B783A34F48139102F6', 'https://img1.kakaocdn.net/relay/local/R680x420/?fname=http%3A%2F%2Ft1.kakaocdn.net%2Ffiy_reboot%2Fplace%2F90072F556C764087BC3E2E43F75CA224', 'https://img1.kakaocdn.net/relay/local/R680x420/?fname=http%3A%2F%2Ft1.kakaocdn.net%2Ffiy_reboot%2Fplace%2F20EA605DBBED42A49DBC534A8C902B50', 'https://img1.kakaocdn.net/relay/local/R680x420/?fname=http%3A%2F%2Ft1.kakaocdn.net%2Ffiy_reboot%2Fplace%2FAB14A02DA0924C0F8B7FFF45847DB904', 'https://img1.kakaocdn.net/relay/local/R680x420/?fname=http%3A%2F%2Ft1.kakaocdn.net%2Ffiy_reboot%2Fplace%2F27FF9E6A6BC348B587552F4830000B6C', 'https://img1.kakaocdn.net/relay/local/R680x420/?fname=http%3A%2F%2Ft1.kakaocdn.net%2Ffiy_reboot%2Fplace%2FDAD454E11C2A4703A32F647A57ED76E1', 'https://img1.kakaocdn.net/relay/local/R680x420/?fname=http%3A%2F%2Ft1.kakaocdn.net%2Ffiy_reboot%2Fplace%2F1FCD692CBA214DA2B1718A0D08EFD916', 'https://img1.kakaocdn.net/relay/local/R680x420/?fname=http%3A%2F%2Ft1.kakaocdn.net%2Ffiy_reboot%2Fplace%2FBCC335EB85324544B4768548EA419F9A', 'https://img1.kakaocdn.net/relay/local/R680x420/?fname=http%3A%2F%2Ft1.kakaocdn.net%2Ffiy_reboot%2Fplace%2FD72CF12705C54EE484296BF64034FC79']",
126,KakaoMap,큐무인텔,공성면 금계리 900,"[36.2825291, 128.0833712]",,,공성면,"여관,모텔",,,3.0,,,,2017.08.16.,054-534-5400,[],
127,KakaoMap,썬모텔,추풍령면 관리 390-1,"[36.2144945, 127.998893]",,,추풍령면,"여관,모텔",,,0,,,,2021.06.23.,043-742-3303,[],
128,KakaoMap,추풍장여관,추풍령면 추풍령리 339-2,"[36.2118378, 127.9992571]",,,추풍령면,"여관,모텔",,,0,,,,2016.12.22.,043-742-2606,[],
129,KakaoMap,무인텔9,공성면 금계리 900-5,"[36.2825291, 128.0833712]",,,공성면,"여관,모텔",,,0,,,,2021.03.25.,054-534-5401,[],
130,KakaoMap,큐나인모텔,봉곡동 404-5,"[36.1482086, 128.3128608]",http://www.xn--2e0b04w12a7y4c.com/,,봉곡동,"여관,모텔","{'roomName': ['특실', '특실', '일반', '일반', '특실', '특실', '특실', '일반', '일반', '특실', '일반', '일반', '온돌', '온돌', '특가이벤트룸'], 'roomPrice': ['대실 업체문의|숙박 40,000원', '대실 업체문의|숙박 40,000원', '대실 업체문의|숙박 35,000원', '대실 업체문의|숙박 35,000원', '대실 업체문의|숙박 40,000원', '대실 업체문의|숙박 40,000원', '대실 업체문의|숙박 40,000원', '대실 업체문의|숙박 35,000원', '대실 업체문의|숙박 35,000원', '대실 업체문의|숙박 40,000원', '대실 업체문의|숙박 35,000원', '대실 업체문의|숙박 35,000원', '대실 업체문의|숙박 35,000원', '대실 업체문의|숙박 35,000원', '대실 업체문의|숙박 28,000원'], 'roomDescription': [None, None, None, None, None, None, None, None, None, None, None, None, None, None, None]}",,5.0,,,,2021.09.06.,010-5249-5621,"['https://img1.kakaocdn.net/relay/local/R680x420/?fname=http%3A%2F%2Ft1.daumcdn.net%2Fplace%2F409A51F4AAC34E2A969DC3908E10A204', 'https://img1.kakaocdn.net/relay/local/R680x420/?fname=http%3A%2F%2Ft1.daumcdn.net%2Fplace%2FCD739F12E1CC465E990B2820CD659CFF', 'https://img1.kakaocdn.net/relay/local/R680x420/?fname=http%3A%2F%2Ft1.daumcdn.net%2Fplace%2F1DC5A8D7FA2E4FF7AEB22A8E0B286F8A', 'https://img1.kakaocdn.net/relay/local/R680x420/?fname=http%3A%2F%2Ft1.daumcdn.net%2Fplace%2F483BA0E2045241D2ACCCC8AFA8617CB9', 'https://img1.kakaocdn.net/relay/local/R680x420/?fname=https%3A%2F%2Fblogfiles.pstatic.net%2FMjAyMDAyMjlfNTYg%2FMDAxNTgyOTEyMzUwNDE1.tFFxLgCICSrTM993tmHosbKZs1dptzlcMew3r6g7_7Eg.fvCv4jbNnj-LAiqHV5i05ZSgMDxsroqvS1EwtD4Zopog.JPEG.proegas%2F546295_546295_Q9_Motel_Gumi_5.jpg%3Ftype%3Dw2', 'https://img1.kakaocdn.net/relay/local/R680x420/?fname=https%3A%2F%2Fblogfiles.pstatic.net%2FMjAyMDAyMjlfMTE5%2FMDAxNTgyOTEyMzQ5OTgz.9a97p9skZDkXAWFRshiDJuMUuJQ1yAtj9hYNlArjX-sg.ItsEbAcwqxg2-FgwapujuRNTG4xHPzISG_fxqlwprnUg.JPEG.proegas%2F546295_546295_Q9_Motel_Gumi_4.jpg%3Ftype%3Dw2', 'https://img1.kakaocdn.net/relay/local/R680x420/?fname=https%3A%2F%2Fblogfiles.pstatic.net%2FMjAyMDAyMjlfMjI5%2FMDAxNTgyOTEyMzQ5NjE3.0InuCQINA5vUCD0enhtBdMyhliLh6T4TFn6xJH2bHTsg.RI33z5kZEoLXyut2K21iU7tJ731iMxgP5BZAatwVLbQg.JPEG.proegas%2F546295_546295_Q9_Motel_Gumi_3.jpg%3Ftype%3Dw2', 'https://img1.kakaocdn.net/relay/local/R680x420/?fname=https%3A%2F%2Fblogfiles.pstatic.net%2FMjAyMDAyMjlfMTg5%2FMDAxNTgyOTEyMzQ5MTIx.HdFApQwYJ4jaBqm0wsxXklu4n9rpmzWX33zgchsgr_8g.QbydguxjBaCmixAtj3T11OLr07YShfZrkrGwkPxClR4g.JPEG.proegas%2F546295_546295_Q9_Motel_Gumi_2.jpg%3Ftype%3Dw2', 'https://img1.kakaocdn.net/relay/local/R680x420/?fname=https%3A%2F%2Fblogfiles.pstatic.net%2FMjAyMDAyMjlfMTMw%2FMDAxNTgyOTEyMzQ4NzAy.3PsSzyzg2e51Y4NT15AlDeKyAKwVbkhQwXLg34Xh_PEg.B2f8-hkn7Mt2R-P8tf0U9DwCyydjkGhRZToM0pbMwdEg.JPEG.proegas%2F546295_546295_Q9_Motel_Gumi_1.jpg%3Ftype%3Dw2', 'https://img1.kakaocdn.net/relay/local/R680x420/?fname=http%3A%2F%2Fpostfiles1.naver.net%2FMjAyMDAyMjlfOTYg%2FMDAxNTgyOTU3MDM4NzEw.ty3_SjWCeTLq1cyBWGO0arNkmZvpUCBz_8DQNMNOyakg.MlIipy98WATH4CAU7-wjswsFr72AORYZt85gZPfe1acg.JPEG.sooyoil07%2F546295_546295_Q9_Motel_Gumi_5.jpg%3Ftype%3Dw773']",
131,KakaoMap,애니텔,봉곡동 402-4,"[36.1479076, 128.3111238]",,,봉곡동,"여관,모텔",,,3.0,,,,2020.01.28.,054-444-1858,"['https://img1.kakaocdn.net/relay/local/R680x420/?fname=http%3A%2F%2Ft1.daumcdn.net%2Fplace%2F0A52C12791994CBC9EDF974A692FC55A', 'https://img1.kakaocdn.net/relay/local/R680x420/?fname=http%3A%2F%2Ft1.daumcdn.net%2Fplace%2FEEFF8EB088E74FA194B54E6B6CDC2B42', 'https://img1.kakaocdn.net/relay/local/R680x420/?fname=http%3A%2F%2Ft1.daumcdn.net%2Fplace%2F018FB0874B114FF6993496DC2D8A9FD7', 'https://img1.kakaocdn.net/relay/local/R680x420/?fname=http%3A%2F%2Ft1.daumcdn.net%2Fplace%2FD9BB290BDB7B4C6F927FFE0F2CA20FEE', 'https://img1.kakaocdn.net/relay/local/R680x420/?fname=http%3A%2F%2Ft1.daumcdn.net%2Fplace%2FE9BB970B3E8C4C7FAFBAAD106A5FFD16', 'https://img1.kakaocdn.net/relay/local/R680x420/?fname=http%3A%2F%2Ft1.daumcdn.net%2Fplace%2FDA2F5055836A48458CBCC7BFADAA7E2B', 'https://img1.kakaocdn.net/relay/local/R680x420/?fname=http%3A%2F%2Ft1.daumcdn.net%2Fplace%2F3E80F18BDE83457688C8DE848444D61F', 'https://img1.kakaocdn.net/relay/local/R680x420/?fname=http%3A%2F%2Ft1.daumcdn.net%2Fplace%2F281EC8CCE263445DA27C72526328E1B1', 'https://img1.kakaocdn.net/relay/local/R680x420/?fname=http%3A%2F%2Ft1.daumcdn.net%2Fplace%2F938BDDFA19CB490EB2DE9A69B4855BA5', 'https://img1.kakaocdn.net/relay/local/R680x420/?fname=http%3A%2F%2Ft1.daumcdn.net%2Fplace%2F0806E9E9EFFD4F45BE2E537C2151FA6C']",
132,KakaoMap,호텔마천루,봉곡동 402-10,"[36.1481921, 128.3115872]",,,봉곡동,"여관,모텔","{'roomName': ['스탠다드(객실냉난방Good/PC)', '디럭스(객실냉난방Good/PC)', '트윈(더블싱글/객실냉난방Good/PC)', 'VIP A-스파월풀(객실냉난방Good/PC)', '스위트(객실냉난방Good/욕조/PC)', '스탠다드(객실냉난방Good/PC)', '디럭스(객실냉난방Good/PC)', '트윈(더블싱글/객실냉난방Good/PC)', 'VIP A-스파월풀(객실냉난방Good/PC)', '스위트(객실냉난방Good/욕조/PC)'], 'roomPrice': ['대실 20,000원|숙박 35,000원', '대실 20,000원|숙박 40,000원', '대실 30,000원|숙박 55,000원', '대실 30,000원|숙박 50,000원', '대실 25,000원|숙박 45,000원', '대실 20,000원|숙박 35,000원', '대실 20,000원|숙박 40,000원', '대실 30,000원|숙박 55,000원', '대실 30,000원|숙박 50,000원', '대실 25,000원|숙박 45,000원'], 'roomDescription': ['기준 2인|최대 2인', '기준 2인|최대 2인', '기준 2인|최대 3인', '기준 2인|최대 2인', '기준 2인|최대 2인', '기준 2인|최대 2인', '기준 2인|최대 2인', '기준 2인|최대 3인', '기준 2인|최대 2인', '기준 2인|최대 2인']}",,0,,,,2021.04.14.,054-444-6116,"['https://img1.kakaocdn.net/relay/local/R680x420/?fname=http%3A%2F%2Ft1.daumcdn.net%2Fplace%2F0A1C2D71F78D450D9B59208073686759', 'https://img1.kakaocdn.net/relay/local/R680x420/?fname=http%3A%2F%2Ft1.daumcdn.net%2Fplace%2FFF67F80FCD0540E99421131FF7F72239', 'https://img1.kakaocdn.net/relay/local/R680x420/?fname=http%3A%2F%2Ft1.daumcdn.net%2Fplace%2FBCDDC2CC65494BEA866B7606CE310AC3', 'https://img1.kakaocdn.net/relay/local/R680x420/?fname=http%3A%2F%2Ft1.daumcdn.net%2Fplace%2FA1B0DB0513874FF2888D0AC455BC08E2', 'https://img1.kakaocdn.net/relay/local/R680x420/?fname=http%3A%2F%2Ft1.daumcdn.net%2Fplace%2FC68D6345FD73466A88E0C7788411FBC9', 'https://img1.kakaocdn.net/relay/local/R680x420/?fname=http%3A%2F%2Ft1.daumcdn.net%2Fplace%2F80C249FFA2B34555AECF790FB1C2869B', 'https://img1.kakaocdn.net/relay/local/R680x420/?fname=http%3A%2F%2Ft1.daumcdn.net%2Fplace%2FA8435CC562BA4D3DAEFD7AE78EC76E83', 'https://img1.kakaocdn.net/relay/local/R680x420/?fname=http%3A%2F%2Ft1.daumcdn.net%2Fplace%2F18D95B913838458A881DC426E2EF5C84', 'https://img1.kakaocdn.net/relay/local/R680x420/?fname=http%3A%2F%2Ft1.daumcdn.net%2Fplace%2F1510D60B80E34CF89F964F20BBA4B36E', 'https://img1.kakaocdn.net/relay/local/R680x420/?fname=http%3A%2F%2Ft1.daumcdn.net%2Fplace%2FD4FDDBD6A66447A8B0D5D9BBE25C275D']",
133,KakaoMap,금오산모텔,남통동 312-6,"[36.1104712, 128.3154291]",http://xn--jj0bl3vlues8fhtp.com/,,남통동,"여관,모텔","{'roomName': ['디럭스B-마운틴 View(소독100%/가성비)', '디럭스A-마운틴View(1인 월풀 /안마의자/PC/소독100%)', 'VIP B-공기청정기(안마의자/2인월풀/넓은객실/PC/소독100%)', '단체온돌룸-공기청정기(제습기/소독100%/객실냉난방Good)', 'VIP A-마운틴 View(안마의자/2인월풀/넓은객실/PC/소독100%)', '디럭스B-마운틴 View(소독100%/가성비)', '디럭스A-마운틴View(1인 월풀 /안마의자/PC/소독100%)', 'VIP B-공기청정기(안마의자/2인월풀/넓은객실/PC/소독100%)', '단체온돌룸-공기청정기(제습기/소독100%/객실냉난방Good)', 'VIP A-마운틴 View(안마의자/2인월풀/넓은객실/PC/소독100%)'], 'roomPrice': ['대실 20,000원|숙박 40,000원', '대실 20,000원|숙박 50,000원', '대실 25,000원|숙박 50,000원', '대실 업체문의|숙박 55,000원', '대실 30,000원|숙박 60,000원', '대실 20,000원|숙박 40,000원', '대실 20,000원|숙박 50,000원', '대실 25,000원|숙박 50,000원', '대실 업체문의|숙박 55,000원', '대실 30,000원|숙박 60,000원'], 'roomDescription': ['기준 2인|최대 2인', '기준 2인|최대 2인', '기준 2인|최대 4인', '기준 4인|최대 7인', '기준 2인|최대 4인', '기준 2인|최대 2인', '기준 2인|최대 2인', '기준 2인|최대 4인', '기준 4인|최대 7인', '기준 2인|최대 4인']}",,5.0,,,,2021.01.20.,054-456-9000,"['https://img1.kakaocdn.net/relay/local/R680x420/?fname=http%3A%2F%2Ft1.daumcdn.net%2Fplace%2FEC55BCF9BCF14DD188EC188A501CB346', 'https://img1.kakaocdn.net/relay/local/R680x420/?fname=http%3A%2F%2Ft1.daumcdn.net%2Fplace%2F109FE7D9F6594E9AAC1D4F0D0E3B5C8F', 'https://img1.kakaocdn.net/relay/local/R680x420/?fname=http%3A%2F%2Ft1.daumcdn.net%2Fplace%2FE26A5254B7164045ACA9AFB51A77BE0D', 'https://img1.kakaocdn.net/relay/local/R680x420/?fname=http%3A%2F%2Ft1.daumcdn.net%2Fplace%2F15A3857FCBDB4EAB9E36D47D0A452AF1', 'https://img1.kakaocdn.net/relay/local/R680x420/?fname=http%3A%2F%2Ft1.daumcdn.net%2Fplace%2FA40D3C6ACE5A4D3795A83189B1B442AA', 'https://img1.kakaocdn.net/relay/local/R680x420/?fname=http%3A%2F%2Ft1.daumcdn.net%2Fplace%2F9DE1F51D5E59457BA6D6142061EC58E6', 'https://img1.kakaocdn.net/relay/local/R680x420/?fname=http%3A%2F%2Ft1.daumcdn.net%2Fplace%2F6C7D6171F9CA4FDF8F37BD85CAD16C9D', 'https://img1.kakaocdn.net/relay/local/R680x420/?fname=http%3A%2F%2Ft1.daumcdn.net%2Fplace%2FBD64B8ACDAF845D38387E2C50714F5B2', 'https://img1.kakaocdn.net/relay/local/R680x420/?fname=http%3A%2F%2Ft1.daumcdn.net%2Fplace%2F33FCA15FB09A43F5942CB1387D7E14E1', 'https://img1.kakaocdn.net/relay/local/R680x420/?fname=http%3A%2F%2Ft1.daumcdn.net%2Fplace%2F7D3C49494D1948C9A499B4497053234C']",
134,KakaoMap,봉곡첼로모텔,봉곡동 403-7,"[36.1475775, 128.3115404]",,,봉곡동,"여관,모텔","{'roomName': ['특실-PC(넷플릭스 시청가능/객실냉난방Good/소독청결/가성비/욕조)', 'TWIN(넷플릭스 시청가능/객실냉난방Good/소독청결/가성비)', 'STANDARD[샤워실]', '온돌(넷플릭스 시청가능/객실냉난방Good/소독청결/가성비)', 'VIP-안마의자(넷플릭스 시청가능/PC/객실냉난방Good/소독청결/가성비/욕조)', '특실-PC(넷플릭스 시청가능/객실냉난방Good/소독청결/가성비/욕조)', 'TWIN(넷플릭스 시청가능/객실냉난방Good/소독청결/가성비)', 'STANDARD[샤워실]', '온돌(넷플릭스 시청가능/객실냉난방Good/소독청결/가성비)', 'VIP-안마의자(넷플릭스 시청가능/PC/객실냉난방Good/소독청결/가성비/욕조)'], 'roomPrice': ['대실 업체문의|숙박 45,000원', '대실 업체문의|숙박 45,000원', '대실 20,000원|숙박 35,000원', '대실 업체문의|숙박 35,000원', '대실 25,000원|숙박 45,000원', '대실 업체문의|숙박 45,000원', '대실 업체문의|숙박 45,000원', '대실 20,000원|숙박 35,000원', '대실 업체문의|숙박 35,000원', '대실 25,000원|숙박 45,000원'], 'roomDescription': ['기준 2인|최대 2인', '기준 2인|최대 3인', '기준 2인|최대 2인', '기준 2인|최대 4인', '기준 2인|최대 2인', '기준 2인|최대 2인', '기준 2인|최대 3인', '기준 2인|최대 2인', '기준 2인|최대 4인', '기준 2인|최대 2인']}",,0,,,,2021.05.13.,054-444-9918,"['https://img1.kakaocdn.net/relay/local/R680x420/?fname=http%3A%2F%2Ft1.daumcdn.net%2Fplace%2F7756F3E3EE604AA49DC020F5F38A9862', 'https://img1.kakaocdn.net/relay/local/R680x420/?fname=http%3A%2F%2Ft1.daumcdn.net%2Fplace%2FE58F2481727C47509E671A6B7287D206', 'https://img1.kakaocdn.net/relay/local/R680x420/?fname=http%3A%2F%2Ft1.daumcdn.net%2Fplace%2FAB764AB6FB8548FEB8A7EA30DD516F78', 'https://img1.kakaocdn.net/relay/local/R680x420/?fname=http%3A%2F%2Ft1.daumcdn.net%2Fplace%2FE3042A14DF974F60B55F9200A7C4B282', 'https://img1.kakaocdn.net/relay/local/R680x420/?fname=http%3A%2F%2Ft1.daumcdn.net%2Fplace%2F8BA7037E19F34CFEA7401D94BED2B8C4', 'https://img1.kakaocdn.net/relay/local/R680x420/?fname=http%3A%2F%2Ft1.daumcdn.net%2Fplace%2F0BF6437A5474459CBEA5B1E344D3E0EC', 'https://img1.kakaocdn.net/relay/local/R680x420/?fname=http%3A%2F%2Ft1.daumcdn.net%2Fplace%2F3F4E73BC7D0F45F09149701EFEF7F9BA', 'https://img1.kakaocdn.net/relay/local/R680x420/?fname=http%3A%2F%2Ft1.daumcdn.net%2Fplace%2F1B606C140E98437AA274B81B2AA8824A', 'https://img1.kakaocdn.net/relay/local/R680x420/?fname=http%3A%2F%2Ft1.daumcdn.net%2Fplace%2FDDB89FCEA9494DC091258381F6A7E70D', 'https://img1.kakaocdn.net/relay/local/R680x420/?fname=http%3A%2F%2Ft1.daumcdn.net%2Fplace%2FF16F94E6FE0E44D4B16C632F0076EC0D']",
135,KakaoMap,핑크로즈모텔,남통동 312-5,"[36.1103144, 128.3150897]",,,남통동,"여관,모텔","{'roomName': ['스탠다드(고급침구/PC/소독100%)', '디럭스(고급침구/PC/욕조/소독100%)', '온돌(냉난방Good/소독100%)', '단체온돌룸(넓은객실/냉난방Good/욕조/소독100%)', '고사양커플PC(고급침구/욕조/소독100%)', '스탠다드(고급침구/PC/소독100%)', '디럭스(고급침구/PC/욕조/소독100%)', '온돌(냉난방Good/소독100%)', '단체온돌룸(넓은객실/냉난방Good/욕조/소독100%)', '고사양커플PC(고급침구/욕조/소독100%)'], 'roomPrice': ['대실 업체문의|숙박 35,000원', '대실 업체문의|숙박 40,000원', '대실 업체문의|숙박 40,000원', '대실 업체문의|숙박 90,000원', '대실 업체문의|숙박 50,000원', '대실 업체문의|숙박 35,000원', '대실 업체문의|숙박 40,000원', '대실 업체문의|숙박 40,000원', '대실 업체문의|숙박 90,000원', '대실 업체문의|숙박 50,000원'], 'roomDescription': ['기준 2인|최대 3인', '기준 2인|최대 4인', '기준 2인|최대 4인', '기준 6인|최대 10인', '기준 2인|최대 2인', '기준 2인|최대 3인', '기준 2인|최대 4인', '기준 2인|최대 4인', '기준 6인|최대 10인', '기준 2인|최대 2인']}",,4.5,,,,2021.01.20.,054-444-0057,"['https://img1.kakaocdn.net/relay/local/R680x420/?fname=http%3A%2F%2Ft1.daumcdn.net%2Fplace%2F8BBAAD4691444E4F901DCF31E0126633', 'https://img1.kakaocdn.net/relay/local/R680x420/?fname=http%3A%2F%2Ft1.daumcdn.net%2Fplace%2FECD2CAECD55046D0A020049158B5FA39', 'https://img1.kakaocdn.net/relay/local/R680x420/?fname=http%3A%2F%2Ft1.daumcdn.net%2Fplace%2FF9315EB6CFCC47899211309B66180424', 'https://img1.kakaocdn.net/relay/local/R680x420/?fname=http%3A%2F%2Ft1.daumcdn.net%2Fplace%2F48A9C75A82914059B1D91F9437634F30', 'https://img1.kakaocdn.net/relay/local/R680x420/?fname=http%3A%2F%2Ft1.daumcdn.net%2Fplace%2F4E7A5B487D2048B8B99B1FF35AE4E6F1', 'https://img1.kakaocdn.net/relay/local/R680x420/?fname=http%3A%2F%2Ft1.daumcdn.net%2Fplace%2FB1A78E48A7394B5191EFC2EFC1D7771A', 'https://img1.kakaocdn.net/relay/local/R680x420/?fname=http%3A%2F%2Ft1.daumcdn.net%2Fplace%2F8D235C559D9E438D9F1C421951B73F59', 'https://img1.kakaocdn.net/relay/local/R680x420/?fname=http%3A%2F%2Ft1.daumcdn.net%2Fplace%2F7381F25273574A8B82CCF0309ED4F323', 'https://img1.kakaocdn.net/relay/local/R680x420/?fname=http%3A%2F%2Ft1.daumcdn.net%2Fplace%2FA1AE30C93211468A9682E96045D7AA98', 'https://img1.kakaocdn.net/relay/local/R680x420/?fname=http%3A%2F%2Ft1.daumcdn.net%2Fplace%2F9938A743807F4D57A6F321D4C9D4C99C']",
136,KakaoMap,싼타모텔,봉곡동 403-9,"[36.1474099, 128.311523]",,,봉곡동,"여관,모텔",,,5.0,,,,2018.03.01.,054-451-4002,[],
137,KakaoMap,킹모텔,봉곡동 404-4,"[36.1483674, 128.3127992]",,,봉곡동,"여관,모텔",,,0,,,,2020.08.04.,054-444-2323,"['https://img1.kakaocdn.net/relay/local/R680x420/?fname=http%3A%2F%2Ft1.daumcdn.net%2Fplace%2FC0DFE93B00CE46659E6D53D467459DAE', 'https://img1.kakaocdn.net/relay/local/R680x420/?fname=http%3A%2F%2Ft1.daumcdn.net%2Fplace%2F383C5D37C73B41759BF22E68C2E946B6', 'https://img1.kakaocdn.net/relay/local/R680x420/?fname=http%3A%2F%2Ft1.daumcdn.net%2Fplace%2F4B05BFCA8C144E678019ABAF813F78A0', 'https://img1.kakaocdn.net/relay/local/R680x420/?fname=http%3A%2F%2Ft1.daumcdn.net%2Fplace%2F45279943BBA94490B726DBA6F18E88F2', 'https://img1.kakaocdn.net/relay/local/R680x420/?fname=http%3A%2F%2Ft1.daumcdn.net%2Fplace%2FEF526D8771DC4CD3BC108FC126FEB29A', 'https://img1.kakaocdn.net/relay/local/R680x420/?fname=http%3A%2F%2Ft1.daumcdn.net%2Fplace%2F87F2F5B65ABD4CCBA69D5606B17501AA', 'https://img1.kakaocdn.net/relay/local/R680x420/?fname=http%3A%2F%2Ft1.daumcdn.net%2Fplace%2F400FA58C639C4730B1312CE73663CC18', 'https://img1.kakaocdn.net/relay/local/R680x420/?fname=http%3A%2F%2Ft1.daumcdn.net%2Fplace%2F7996B970886F45A39B90CA78121A0EB9']",
138,KakaoMap,채봉모텔,매곡면 수원리 797-16,"[36.1805125, 127.9259333]",,,매곡면,"여관,모텔",,,0,,,,2017.09.22.,043-744-3200,[],
139,KakaoMap,엘림,,"[36.1805125, 127.9259333]",,,매곡면,"여관,모텔",,,0,,,,2021.07.26.,,[],
140,KakaoMap,토론토모텔,봉곡동 404-1,"[36.1481088, 128.3120614]",,,봉곡동,"여관,모텔",,,0,,,,2017.10.14.,054-441-1818,[],
141,KakaoMap,짝모텔,봉곡동 109-12,"[36.1453832, 128.3110905]",,,봉곡동,"여관,모텔","{'roomName': ['특실', '일반실', '온돌', '안마의자룸', '트윈', '특실', '일반실', '온돌', '안마의자룸', '트윈'], 'roomPrice': ['대실 업체문의|숙박 40,000원', '대실 20,000원|숙박 35,000원', '대실 업체문의|숙박 40,000원', '대실 업체문의|숙박 40,000원', '대실 업체문의|숙박 40,000원', '대실 업체문의|숙박 40,000원', '대실 20,000원|숙박 35,000원', '대실 업체문의|숙박 40,000원', '대실 업체문의|숙박 40,000원', '대실 업체문의|숙박 40,000원'], 'roomDescription': ['기준 2인|최대 2인', '기준 2인|최대 2인', '기준 2인|최대 2인', '기준 2인|최대 2인', '기준 2인|최대 2인', '기준 2인|최대 2인', '기준 2인|최대 2인', '기준 2인|최대 2인', '기준 2인|최대 2인', '기준 2인|최대 2인']}",,0,,,,2020.09.21.,054-451-1616,"['https://img1.kakaocdn.net/relay/local/R680x420/?fname=http%3A%2F%2Ft1.daumcdn.net%2Fplace%2FB80573235F954DB98FB35F0E99B9126A', 'https://img1.kakaocdn.net/relay/local/R680x420/?fname=http%3A%2F%2Ft1.daumcdn.net%2Fplace%2FF48796F594D941E88B553486F4BFDACF', 'https://img1.kakaocdn.net/relay/local/R680x420/?fname=http%3A%2F%2Ft1.daumcdn.net%2Fplace%2FD40866DDB0324D34B62A58D16B94C4DD', 'https://img1.kakaocdn.net/relay/local/R680x420/?fname=http%3A%2F%2Ft1.daumcdn.net%2Fplace%2FD7F6AB7D86FA4F9480D196F60E9E7E90', 'https://img1.kakaocdn.net/relay/local/R680x420/?fname=http%3A%2F%2Ft1.daumcdn.net%2Fplace%2F1E5B3B903A36498DBDEF51A4839BE847', 'https://img1.kakaocdn.net/relay/local/R680x420/?fname=http%3A%2F%2Ft1.daumcdn.net%2Fplace%2FA55B74091FB741B7BDAC26DA5BF47E71', 'https://img1.kakaocdn.net/relay/local/R680x420/?fname=http%3A%2F%2Ft1.daumcdn.net%2Fplace%2F55F186F3D3D344FBA05725F963DA3C7E', 'https://img1.kakaocdn.net/relay/local/R680x420/?fname=http%3A%2F%2Ft1.daumcdn.net%2Fplace%2F7C9423341A364597BD54A809E9E731C3', 'https://img1.kakaocdn.net/relay/local/R680x420/?fname=http%3A%2F%2Ft1.daumcdn.net%2Fplace%2FBAFDE27FBF164093B9BFF74AAF67F802', 'https://img1.kakaocdn.net/relay/local/R680x420/?fname=http%3A%2F%2Ft1.daumcdn.net%2Fplace%2F13F113C03A9F46AAADAAA0A3D11D3F8E']",
142,KakaoMap,인터불고모텔,봉곡동 402-10,"[36.1481921, 128.3115872]",,,봉곡동,"여관,모텔",,,0,,,,2019.09.25.,054-444-6116,[],
143,KakaoMap,크리스탈모텔,봉곡동 406-2,"[36.1487899, 128.3138888]",,,봉곡동,"여관,모텔",,,0,,,,2020.01.17.,054-442-0818,[],
144,KakaoMap,모텔하와이,봉곡동 403-1,"[36.1478739, 128.3115927]",,,봉곡동,"여관,모텔",,,0,,,,2020.01.17.,054-442-5222,[],
145,KakaoMap,한솔파크빌리지,남통동 312-7,"[36.110604, 128.3153196]",,,남통동,"여관,모텔","{'roomName': ['일반실(객실냉난방Good/소독100%/PC/욕조프런트문의)', '일반실-안마의자(객실냉난방Good/소독100%/PC)', '특실(넓은객실/객실냉난방Good/소독100%/PC/욕조)', '특실-안마의자(넓은객실/객실냉난방Good/소독100%/PC/욕조)', '트윈-소(객실냉난방Good/소독100%/PC/욕조)', '일반실(객실냉난방Good/소독100%/PC/욕조프런트문의)', '일반실-안마의자(객실냉난방Good/소독100%/PC)', '특실(넓은객실/객실냉난방Good/소독100%/PC/욕조)', '특실-안마의자(넓은객실/객실냉난방Good/소독100%/PC/욕조)', '트윈-소(객실냉난방Good/소독100%/PC/욕조)'], 'roomPrice': ['대실 18,000원|숙박 35,000원', '대실 18,000원|숙박 40,000원', '대실 20,000원|숙박 40,000원', '대실 30,000원|숙박 45,000원', '대실 업체문의|숙박 40,000원', '대실 18,000원|숙박 35,000원', '대실 18,000원|숙박 40,000원', '대실 20,000원|숙박 40,000원', '대실 30,000원|숙박 45,000원', '대실 업체문의|숙박 40,000원'], 'roomDescription': ['기준 2인|최대 2인', '기준 2인|최대 2인', '기준 2인|최대 2인', '기준 2인|최대 2인', '기준 2인|최대 3인', '기준 2인|최대 2인', '기준 2인|최대 2인', '기준 2인|최대 2인', '기준 2인|최대 2인', '기준 2인|최대 3인']}",,0,,,,2020.12.04.,,"['https://img1.kakaocdn.net/relay/local/R680x420/?fname=http%3A%2F%2Ft1.daumcdn.net%2Fplace%2F254DE9F90F204ADCA833D2DAB73BAFC0', 'https://img1.kakaocdn.net/relay/local/R680x420/?fname=http%3A%2F%2Ft1.daumcdn.net%2Fplace%2F9EAE67FC1C4C4560BD0BF55043DA040E', 'https://img1.kakaocdn.net/relay/local/R680x420/?fname=http%3A%2F%2Ft1.daumcdn.net%2Fplace%2F55E95E8D7CA143378A37D15EB78F0E5F', 'https://img1.kakaocdn.net/relay/local/R680x420/?fname=http%3A%2F%2Ft1.daumcdn.net%2Fplace%2F8422D4147FE1404F8E3E44C440482C8D', 'https://img1.kakaocdn.net/relay/local/R680x420/?fname=http%3A%2F%2Ft1.daumcdn.net%2Fplace%2F6DEA0C08492F4A13AA3E6C8330D17DCC', 'https://img1.kakaocdn.net/relay/local/R680x420/?fname=http%3A%2F%2Ft1.daumcdn.net%2Fplace%2FF3FB2CDBF43B4370B75037E706EBD772', 'https://img1.kakaocdn.net/relay/local/R680x420/?fname=http%3A%2F%2Ft1.daumcdn.net%2Fplace%2F5DEA3BD6E43A4583A6CD01B5BC540142', 'https://img1.kakaocdn.net/relay/local/R680x420/?fname=http%3A%2F%2Ft1.daumcdn.net%2Fplace%2F103ADE913922493EB8529B9E9949081B', 'https://img1.kakaocdn.net/relay/local/R680x420/?fname=http%3A%2F%2Ft1.daumcdn.net%2Fplace%2FD663B1C2B2DF49718F841083DC3BA36F', 'https://img1.kakaocdn.net/relay/local/R680x420/?fname=http%3A%2F%2Ft1.daumcdn.net%2Fplace%2FE4D55E4B2CAB42B481DE860BAA4E9A79']",
146,KakaoMap,온모텔,원평동 130-16,"[36.1290086, 128.3328759]",,,원평동,"여관,모텔","{'roomName': ['디럭스1PC-GTX1060(넷플릭스 시청가능/넓은객실/시스템에어컨/UHD55""TV/비데)', '스위트 (스타일러 구비/넷플릭스 시청가능)(1PC-GTX1060/시스템에어컨/UHD55""TV/공기청정기/욕조/비데)', '트윈-GTX1060커플PC(넷플릭스 시청가능/시스템에어컨/UHD55""TV/비데)', '트윈-단체룸(비데/넓은객실/시스템에어컨/UHD55""TV/소독100%)', '프리미엄-GTX1060커플PC(넷플릭스 시청가능/넓은객실/시스템에어컨/UHD55""TV/비데)', '디럭스1PC-GTX1060(넷플릭스 시청가능/넓은객실/시스템에어컨/UHD55""TV/비데)', '스위트 (스타일러 구비/넷플릭스 시청가능)(1PC-GTX1060/시스템에어컨/UHD55""TV/공기청정기/욕조/비데)', '트윈-GTX1060커플PC(넷플릭스 시청가능/시스템에어컨/UHD55""TV/비데)', '트윈-단체룸(비데/넓은객실/시스템에어컨/UHD55""TV/소독100%)', '프리미엄-GTX1060커플PC(넷플릭스 시청가능/넓은객실/시스템에어컨/UHD55""TV/비데)'], 'roomPrice': ['대실 25,000원|숙박 45,000원', '대실 업체문의|숙박 60,000원', '대실 업체문의|숙박 60,000원', '대실 업체문의|숙박 70,000원', '대실 업체문의|숙박 50,000원', '대실 25,000원|숙박 45,000원', '대실 업체문의|숙박 60,000원', '대실 업체문의|숙박 60,000원', '대실 업체문의|숙박 70,000원', '대실 업체문의|숙박 50,000원'], 'roomDescription': ['기준 2인|최대 2인', '기준 2인|최대 2인', '기준 2인|최대 2인', '기준 2인|최대 4인', '기준 2인|최대 2인', '기준 2인|최대 2인', '기준 2인|최대 2인', '기준 2인|최대 2인', '기준 2인|최대 4인', '기준 2인|최대 2인']}",,3.0,,,,2021.07.27.,054-441-8111,"['https://img1.kakaocdn.net/relay/local/R680x420/?fname=http%3A%2F%2Ft1.daumcdn.net%2Fplace%2F0E8682C460404482A271AA372B082316', 'https://img1.kakaocdn.net/relay/local/R680x420/?fname=http%3A%2F%2Ft1.daumcdn.net%2Fplace%2F9F4A08D9619B424CB3979E9D9B958A06', 'https://img1.kakaocdn.net/relay/local/R680x420/?fname=http%3A%2F%2Ft1.daumcdn.net%2Fplace%2FE6A27E475B0D46219B001FEA8186BB34', 'https://img1.kakaocdn.net/relay/local/R680x420/?fname=http%3A%2F%2Ft1.daumcdn.net%2Fplace%2FA1F5810D9E5146AFB97E3602348E6228', 'https://img1.kakaocdn.net/relay/local/R680x420/?fname=http%3A%2F%2Ft1.daumcdn.net%2Fplace%2F1F479946BDD94F66ADCB49FFEE342016', 'https://img1.kakaocdn.net/relay/local/R680x420/?fname=http%3A%2F%2Ft1.daumcdn.net%2Fplace%2F2A17FF582BA441ABABC82AD1ED093CCE', 'https://img1.kakaocdn.net/relay/local/R680x420/?fname=http%3A%2F%2Ft1.daumcdn.net%2Fplace%2F2B1E250B53054C98967BAFC72AA8C5E0', 'https://img1.kakaocdn.net/relay/local/R680x420/?fname=http%3A%2F%2Ft1.daumcdn.net%2Fplace%2FEC989741C24A4890B102BE9EC2633DBA', 'https://img1.kakaocdn.net/relay/local/R680x420/?fname=http%3A%2F%2Ft1.daumcdn.net%2Fplace%2FE969C54D44A646849DC7DFAA5D8DC36A', 'https://img1.kakaocdn.net/relay/local/R680x420/?fname=http%3A%2F%2Ft1.daumcdn.net%2Fplace%2F0D947017E98E44718A4DD5FDB0050E24']",
147,KakaoMap,실크로드모텔,남통동 312-2,"[36.1109734, 128.3150412]",,,남통동,"여관,모텔",,,0,,,,2018.03.04.,054-457-6341,[],
148,KakaoMap,모텔캐슬,원평동 418-1,"[36.1249309, 128.3303702]",,,원평동,"여관,모텔",,,5.0,,,,2020.02.13.,054-455-4546,[],
149,KakaoMap,비즈,원평동 120-1,"[36.1300195, 128.3304015]",,,원평동,"여관,모텔",,,1.0,,,,2018.06.05.,054-452-1090,[],
150,KakaoMap,에스원모텔,원평동 130-23,"[36.1290752, 128.3325806]",,,원평동,"여관,모텔",,,5.0,,,,2018.04.24.,054-455-8492,[],
151,KakaoMap,성용장여관,원평동 116-13,"[36.1307851, 128.328957]",,,원평동,"여관,모텔",,,0,,,,2019.08.20.,054-452-6695,[],
152,KakaoMap,은하장여관,원평동 110-14,"[36.1309512, 128.3281922]",,,원평동,"여관,모텔",,,0,,,,2021.07.08.,,[],
153,KakaoMap,용호장여관,원평동 10-17,"[36.1315873, 128.3292348]",,,원평동,"여관,모텔",,,0,,,,2018.03.03.,054-452-9411,[],
154,KakaoMap,영심파크모텔,원평동 156-15,"[36.1301058, 128.3324439]",,,원평동,"여관,모텔",,,0,,,,2020.01.03.,,[],
155,KakaoMap,서울여인숙,원평동 179-22,"[36.13191, 128.332176]",,,원평동,"여관,모텔",,,0,,,,2021.07.08.,,[],
156,KakaoMap,미도장,원평동 377-1,"[36.1287157, 128.3335079]",,,원평동,"여관,모텔",,,0,,,,2021.10.29.,,[],
157,KakaoMap,서림장사우나찜질방여관,황금동 88-20,"[35.84332029999999, 128.6389891]",,,황금동,"목욕탕,사우나",,,0,,,,2018.02.28.,054-433-3411,[],
158,KakaoMap,호박여인숙,평화동 300-14,"[36.1222237, 128.1139458]",,,평화동,숙박,,,0,,,,2018.03.04.,,[],
159,KakaoMap,아리아장여관 전기차충전소,감호동 29,"[36.1216339, 128.1293453]",,,감호동,전기자동차 충전소,,,0,,,,2020.11.25.,02-6956-3000,[],
160,KakaoMap,이코노미호텔 구미점,원평동 371-12,"[36.128207, 128.334289]",http://www.ekonomy.co.kr/,,원평동,호텔,,,4.5,,,,2019.10.22.,054-451-1131,"['https://img1.kakaocdn.net/relay/local/R680x420/?fname=http%3A%2F%2Ft1.daumcdn.net%2Fcfile%2F27091533541A757209', 'https://img1.kakaocdn.net/relay/local/R680x420/?fname=http%3A%2F%2Ft1.daumcdn.net%2Fplace%2F07079E4CBFC6422EB8722F6C6FAB528E', 'https://img1.kakaocdn.net/relay/local/R680x420/?fname=http%3A%2F%2Ft1.daumcdn.net%2Fplace%2F2E638AAC86DB4AF392B0F4D3895A6AE7', 'https://img1.kakaocdn.net/relay/local/R680x420/?fname=http%3A%2F%2Ft1.daumcdn.net%2Fplace%2F72091DF0511142D7B0F3C677260E099D', 'https://img1.kakaocdn.net/relay/local/R680x420/?fname=http%3A%2F%2Ft1.daumcdn.net%2Fplace%2F91490BE07AE04D109AA4F68D6CFF1664', 'https://img1.kakaocdn.net/relay/local/R680x420/?fname=http%3A%2F%2Ft1.daumcdn.net%2Fplace%2F130D64AD378D4195AC7229541CF9EBC5', 'https://img1.kakaocdn.net/relay/local/R680x420/?fname=http%3A%2F%2Ft1.daumcdn.net%2Fplace%2F1C18B1B8CB5F4B0CB816A3ECF9A716D7', 'https://img1.kakaocdn.net/relay/local/R680x420/?fname=http%3A%2F%2Ft1.daumcdn.net%2Fplace%2F5932400FA6F846598939BBA17E10F76B', 'https://img1.kakaocdn.net/relay/local/R680x420/?fname=http%3A%2F%2Ft1.daumcdn.net%2Fplace%2FAEE3C2C2DDEA469883E1B1B9D49F117A', 'https://img1.kakaocdn.net/relay/local/R680x420/?fname=http%3A%2F%2Ft1.daumcdn.net%2Fplace%2FE751FF8045B345C080483E5DFCA380FB']",
161,KakaoMap,중앙고시텔,원평동 108-7,"[36.1303845, 128.3287709]",,,원평동,"고시원,고시텔",,,0,,,,2021.07.08.,054-453-8854,[],
162,KakaoMap,스위스별장,원평동 142,"[36.1294226, 128.3334043]",,,원평동,"산장,별장",,,0,,,,2018.03.01.,054-451-5253,[],
